task,variant,name,seeds,f1_pos,roc_auc,pr_auc,mcc,accuracy
T1,V0,STE (published baseline),3,0.9607 +- 0.0016,0.9968,0.9917,0.9476,0.9801
T1,V1,plain mean,3,0.9607 +- 0.0016,0.9968,0.9917,0.9476,0.9801
T1,V2,R1 renormalisation,3,0.9600 +- 0.0054,0.9974,0.9930,0.9466,0.9796
T1,V3,"R2, global mean",3,0.9590 +- 0.0026,0.9973,0.9928,0.9452,0.9792
T1,V4,"R2, per-section mean",3,0.9582 +- 0.0029,0.9978,0.9942,0.9442,0.9787
T1,V5,R2 on the tag direction,3,0.9624 +- 0.0042,0.9970,0.9920,0.9498,0.9810
T1,V6,ZCA whitening,3,0.9460 +- 0.0090,0.9943,0.9868,0.9281,0.9722
T1,V7,STE + cosine coherence,3,0.9599 +- 0.0039,0.9968,0.9918,0.9464,0.9796
T1,V8,R2 per-section + coherence,3,0.9608 +- 0.0054,0.9978,0.9940,0.9477,0.9801
T1,V9,STE + L1 distances,3,0.9599 +- 0.0055,0.9967,0.9915,0.9464,0.9796
T1b,V0,STE (published baseline),3,0.9778 +- 0.0074,0.9980,0.9981,0.9556,0.9778
T1b,V1,plain mean,3,0.9778 +- 0.0074,0.9980,0.9981,0.9556,0.9778
T1b,V2,R1 renormalisation,3,0.9778 +- 0.0126,0.9980,0.9980,0.9556,0.9778
T1b,V3,"R2, global mean",3,0.9751 +- 0.0126,0.9977,0.9977,0.9500,0.9750
T1b,V4,"R2, per-section mean",3,0.9787 +- 0.0097,0.9980,0.9981,0.9574,0.9787
T1b,V5,R2 on the tag direction,3,0.9768 +- 0.0080,0.9979,0.9979,0.9537,0.9769
T1b,V6,ZCA whitening,3,0.9589 +- 0.0069,0.9921,0.9928,0.9171,0.9583
T1b,V7,STE + cosine coherence,3,0.9778 +- 0.0084,0.9980,0.9980,0.9556,0.9778
T1b,V8,R2 per-section + coherence,3,0.9796 +- 0.0097,0.9980,0.9981,0.9593,0.9796
T1b,V9,STE + L1 distances,3,0.9769 +- 0.0085,0.9979,0.9979,0.9537,0.9769
T2,V0,STE (published baseline),3,0.9912 +- 0.0021,0.9997,0.9995,0.9868,0.9941
T2,V1,plain mean,3,0.9912 +- 0.0021,0.9997,0.9995,0.9868,0.9941
T2,V2,R1 renormalisation,3,0.9908 +- 0.0032,0.9998,0.9997,0.9862,0.9938
T2,V3,"R2, global mean",3,0.9037 +- 0.0016,0.9880,0.9798,0.8564,0.9364
T2,V4,"R2, per-section mean",3,0.8916 +- 0.0049,0.9853,0.9737,0.8378,0.9281
T2,V5,R2 on the tag direction,3,0.9908 +- 0.0029,0.9999,0.9998,0.9862,0.9938
T2,V6,ZCA whitening,3,0.9858 +- 0.0029,0.9994,0.9991,0.9787,0.9904
T2,V7,STE + cosine coherence,3,0.9908 +- 0.0042,0.9998,0.9996,0.9862,0.9938
T2,V8,R2 per-section + coherence,3,0.9641 +- 0.0077,0.9978,0.9959,0.9463,0.9753
T2,V9,STE + L1 distances,3,0.9921 +- 0.0008,0.9998,0.9996,0.9882,0.9948
T3,V0,STE (published baseline),3,0.9799 +- 0.0023,0.9966,0.9968,0.9599,0.9799
T3,V1,plain mean,3,0.9799 +- 0.0023,0.9966,0.9968,0.9599,0.9799
T3,V2,R1 renormalisation,3,0.9797 +- 0.0040,0.9969,0.9970,0.9593,0.9796
T3,V3,"R2, global mean",3,0.9657 +- 0.0056,0.9923,0.9917,0.9308,0.9651
T3,V4,"R2, per-section mean",3,0.9502 +- 0.0043,0.9886,0.9873,0.8993,0.9494
T3,V5,R2 on the tag direction,3,0.9842 +- 0.0019,0.9980,0.9983,0.9685,0.9843
T3,V6,ZCA whitening,3,0.9738 +- 0.0029,0.9944,0.9939,0.9476,0.9738
T3,V7,STE + cosine coherence,3,0.9855 +- 0.0014,0.9981,0.9983,0.9710,0.9855
T3,V8,R2 per-section + coherence,3,0.9644 +- 0.0043,0.9928,0.9929,0.9285,0.9642
T3,V9,STE + L1 distances,3,0.9839 +- 0.0006,0.9977,0.9980,0.9679,0.9840
