accuracy,precision_pos,recall_pos,f1_pos,f1_macro,precision_w,recall_w,f1_w,roc_auc,pr_auc,mcc,bal_acc,TP,FP,FN,TN,n_test,variant,task,seed,strategy,cv_fitness,n_models,seconds,params_fitted
0.9847222222222224,0.9567567567567568,0.9833333333333332,0.96986301369863,0.9798152277795475,0.9849835817125536,0.9847222222222224,0.9847913348200064,0.9953909465020576,0.986938832193725,0.9597946091081055,0.9842592592592592,177,8,3,532,720,V5,T1,42,HGS,0.9557194970948476,16,298.6,"{""C"": 0.5, ""class_weight"": ""balanced"", ""l1_ratio"": null, ""max_iter"": 2000, ""penalty"": ""l1"", ""solver"": ""liblinear""}"
0.975,0.9776536312849162,0.9722222222222222,0.9749303621169916,0.974999807097277,0.9750146609463256,0.975,0.974999807097277,0.9985185185185184,0.9985514209476064,0.9500146608331992,0.975,175,4,5,176,360,V5,T1b,42,HGS,0.9673406472645883,27,278.8,"{""C"": 0.5, ""class_weight"": null, ""l1_ratio"": null, ""max_iter"": 500, ""penalty"": ""l1"", ""solver"": ""saga""}"
0.9953703703703703,0.9889807162534436,0.9972222222222222,0.9930843706777316,0.9948024497786708,0.9953971053248344,0.9953703703703703,0.9953751428123174,0.9999344135802468,0.999869313005834,0.9896242381057352,0.9958333333333332,359,4,1,716,1080,V5,T2,42,HGS,0.99040833160909,17,558.6,"{""C"": 0.3, ""class_weight"": ""balanced"", ""l1_ratio"": null, ""max_iter"": 1000, ""penalty"": ""l2"", ""solver"": ""lbfgs""}"
0.9824074074074074,0.9797421731123388,0.9851851851851852,0.9824561403508772,0.9824072716610468,0.9824222969844748,0.9824074074074074,0.9824072716610468,0.9970816186556928,0.9975275791431948,0.9648297042769916,0.9824074074074074,532,11,8,529,1080,V5,T3,42,HGS,0.9836107668158344,17,240.9,"{""C"": 0.5, ""class_weight"": null, ""l1_ratio"": null, ""max_iter"": 500, ""penalty"": ""l2"", ""solver"": ""lbfgs""}"
0.9819444444444444,0.9771428571428572,0.95,0.9633802816901408,0.9756993574349322,0.9819003931847968,0.9819444444444444,0.9818588953073278,0.9981995884773662,0.9950608321092328,0.9515681109684924,0.9712962962962964,171,4,9,536,720,V5,T1,7,HGS,0.95085327633712,27,1118.9,"{""C"": 0.01, ""class_weight"": null, ""l1_ratio"": null, ""max_iter"": 1000, ""penalty"": ""l2"", ""solver"": ""saga""}"
0.9888888888888888,0.9888888888888888,0.9888888888888888,0.9888888888888888,0.9888888888888888,0.9888888888888888,0.9888888888888888,0.9888888888888888,0.9995370370370372,0.9995503795875572,0.9777777777777776,0.9888888888888888,178,2,2,178,360,V5,T1b,7,HGS,0.9684832038077676,21,458.9,"{""C"": 1.0, ""class_weight"": null, ""l1_ratio"": null, ""max_iter"": 1000, ""penalty"": ""l1"", ""solver"": ""saga""}"
0.9944444444444444,0.988950276243094,0.9944444444444444,0.9916897506925209,0.9937586444700436,0.9944597485341418,0.9944444444444444,0.9944482757292176,0.999903549382716,0.9998123795838848,0.987525885579859,0.9944444444444444,358,4,2,716,1080,V5,T2,7,HGS,0.9908160040817406,18,1148.9,"{""C"": 2.0, ""class_weight"": ""balanced"", ""l1_ratio"": null, ""max_iter"": 2000, ""penalty"": ""l2"", ""solver"": ""lbfgs""}"
0.9842592592592592,0.979816513761468,0.9888888888888888,0.9843317972350232,0.9842589218733256,0.9843007802452198,0.9842592592592592,0.9842589218733252,0.9994444444444444,0.999451675465739,0.9685600386145022,0.9842592592592592,534,11,6,529,1080,V5,T3,7,HGS,0.97945816314073,23,1283.9,"{""C"": 0.3, ""class_weight"": ""balanced"", ""l1_ratio"": null, ""max_iter"": 500, ""penalty"": ""l2"", ""solver"": ""saga""}"
0.9861111111111112,0.9829545454545454,0.9611111111111112,0.9719101123595506,0.981342510054314,0.9860879010695188,0.9861111111111112,0.9860587089016958,0.9992592592592592,0.9978732020366184,0.962793812367783,0.977777777777778,173,3,7,537,720,V5,T1,123,HGS,0.9599891981216868,39,1431.6,"{""C"": 1.0, ""class_weight"": null, ""l1_ratio"": 0.5, ""max_iter"": 1000, ""penalty"": ""elasticnet"", ""solver"": ""saga""}"
0.9694444444444444,0.9720670391061452,0.9666666666666668,0.9693593314763232,0.9694442086744496,0.9694589339177134,0.9694444444444444,0.9694442086744496,0.9956172839506172,0.995847408518968,0.9389033782503547,0.9694444444444444,174,5,6,175,360,V5,T1b,123,HGS,0.9720096542678032,22,313.9,"{""C"": 0.5, ""class_weight"": ""balanced"", ""l1_ratio"": null, ""max_iter"": 1000, ""penalty"": ""l2"", ""solver"": ""liblinear""}"
0.9953703703703703,0.9889807162534436,0.9972222222222222,0.9930843706777316,0.9948024497786708,0.9953971053248344,0.9953703703703703,0.9953751428123174,0.9999537037037036,0.999910394265233,0.9896242381057352,0.9958333333333332,359,4,1,716,1080,V5,T2,123,HGS,0.9869754661409638,20,1453.4,"{""C"": 1.0, ""class_weight"": ""balanced"", ""l1_ratio"": null, ""max_iter"": 2000, ""penalty"": ""l2"", ""solver"": ""saga""}"
0.9879629629629629,0.9943714821763602,0.9814814814814815,0.9878844361602982,0.9879624572705814,0.9880449732636828,0.9879629629629629,0.9879624572705813,0.9993278463648834,0.9993418311775777,0.9760079327811363,0.9879629629629629,530,3,10,537,1080,V5,T3,123,HGS,0.9740275818749938,24,636.3,"{""C"": 0.01, ""class_weight"": null, ""l1_ratio"": null, ""max_iter"": 500, ""penalty"": ""l2"", ""solver"": ""liblinear""}"
