task,strategy,variant,seeds,accuracy,precision_pos,recall_pos,f1_pos,f1_macro,f1_w,roc_auc,pr_auc,mcc,n_models,f1_pos_CI
T1,Grid,main,1,0.9833 +- 0.0000,0.9565 +- 0.0000,0.9778 +- 0.0000,0.9670 +- 0.0000,0.9779 +- 0.0000,0.9834 +- 0.0000,0.9963 +- 0.0000,0.9870 +- 0.0000,0.9560 +- 0.0000,336.0000 +- 0.0000,
T1,HGS,main,3,0.9852 +- 0.0008,0.9670 +- 0.0091,0.9741 +- 0.0064,0.9705 +- 0.0014,0.9803 +- 0.0010,0.9852 +- 0.0008,0.9976 +- 0.0015,0.9928 +- 0.0055,0.9606 +- 0.0019,24.0000 +- 4.0000,"[0.9697, 0.9721]"
T1,HGS,no_full_name,1,0.9764 +- 0.0000,0.9405 +- 0.0000,0.9667 +- 0.0000,0.9534 +- 0.0000,0.9688 +- 0.0000,0.9765 +- 0.0000,0.9947 +- 0.0000,0.9762 +- 0.0000,0.9378 +- 0.0000,19.0000 +- 0.0000,
T1,HGS,no_tag_correction,1,0.9847 +- 0.0000,0.9617 +- 0.0000,0.9778 +- 0.0000,0.9697 +- 0.0000,0.9797 +- 0.0000,0.9848 +- 0.0000,0.9962 +- 0.0000,0.9869 +- 0.0000,0.9595 +- 0.0000,20.0000 +- 0.0000,
T1,Random,main,3,0.9801 +- 0.0035,0.9628 +- 0.0112,0.9574 +- 0.0032,0.9601 +- 0.0068,0.9734 +- 0.0046,0.9801 +- 0.0035,0.9972 +- 0.0016,0.9928 +- 0.0044,0.9469 +- 0.0092,24.0000 +- 4.0000,"[0.9529, 0.9665]"
T1b,Grid,main,1,0.9833 +- 0.0000,0.9833 +- 0.0000,0.9833 +- 0.0000,0.9833 +- 0.0000,0.9833 +- 0.0000,0.9833 +- 0.0000,0.9985 +- 0.0000,0.9986 +- 0.0000,0.9667 +- 0.0000,336.0000 +- 0.0000,
T1b,HGS,main,3,0.9787 +- 0.0070,0.9779 +- 0.0095,0.9796 +- 0.0064,0.9787 +- 0.0070,0.9787 +- 0.0070,0.9787 +- 0.0070,0.9976 +- 0.0018,0.9977 +- 0.0017,0.9574 +- 0.0140,19.3333 +- 0.5774,"[0.9722, 0.9861]"
T1b,HGS,no_full_name,1,0.9778 +- 0.0000,0.9778 +- 0.0000,0.9778 +- 0.0000,0.9778 +- 0.0000,0.9778 +- 0.0000,0.9778 +- 0.0000,0.9963 +- 0.0000,0.9962 +- 0.0000,0.9556 +- 0.0000,13.0000 +- 0.0000,
T1b,HGS,no_tag_correction,1,0.9778 +- 0.0000,0.9725 +- 0.0000,0.9833 +- 0.0000,0.9779 +- 0.0000,0.9778 +- 0.0000,0.9778 +- 0.0000,0.9976 +- 0.0000,0.9977 +- 0.0000,0.9556 +- 0.0000,19.0000 +- 0.0000,
T1b,Random,main,3,0.9796 +- 0.0070,0.9796 +- 0.0084,0.9796 +- 0.0064,0.9796 +- 0.0070,0.9796 +- 0.0070,0.9796 +- 0.0070,0.9979 +- 0.0019,0.9979 +- 0.0018,0.9593 +- 0.0140,19.3333 +- 0.5774,"[0.9722, 0.9861]"
T2,Grid,main,1,0.9944 +- 0.0000,0.9890 +- 0.0000,0.9944 +- 0.0000,0.9917 +- 0.0000,0.9938 +- 0.0000,0.9944 +- 0.0000,0.9999 +- 0.0000,0.9998 +- 0.0000,0.9875 +- 0.0000,336.0000 +- 0.0000,
T2,HGS,main,3,0.9960 +- 0.0019,0.9944 +- 0.0028,0.9935 +- 0.0032,0.9940 +- 0.0029,0.9955 +- 0.0022,0.9960 +- 0.0019,0.9999 +- 0.0001,0.9998 +- 0.0001,0.9910 +- 0.0043,19.3333 +- 2.0817,"[0.9917, 0.9972]"
T2,HGS,no_full_name,1,0.9935 +- 0.0000,0.9889 +- 0.0000,0.9917 +- 0.0000,0.9903 +- 0.0000,0.9927 +- 0.0000,0.9935 +- 0.0000,0.9997 +- 0.0000,0.9993 +- 0.0000,0.9854 +- 0.0000,13.0000 +- 0.0000,
T2,HGS,no_tag_correction,1,0.9944 +- 0.0000,0.9917 +- 0.0000,0.9917 +- 0.0000,0.9917 +- 0.0000,0.9938 +- 0.0000,0.9944 +- 0.0000,0.9999 +- 0.0000,0.9998 +- 0.0000,0.9875 +- 0.0000,17.0000 +- 0.0000,
T2,Random,main,3,0.9960 +- 0.0011,0.9944 +- 0.0000,0.9935 +- 0.0032,0.9940 +- 0.0016,0.9955 +- 0.0012,0.9960 +- 0.0011,0.9999 +- 0.0001,0.9998 +- 0.0001,0.9910 +- 0.0024,19.3333 +- 2.0817,"[0.9930, 0.9958]"
T3,HGS,main,3,0.9812 +- 0.0019,0.9821 +- 0.0038,0.9802 +- 0.0039,0.9812 +- 0.0019,0.9812 +- 0.0019,0.9812 +- 0.0019,0.9974 +- 0.0018,0.9976 +- 0.0016,0.9624 +- 0.0038,18.6667 +- 1.1547,"[0.9797, 0.9833]"
T3,Random,main,3,0.9799 +- 0.0011,0.9796 +- 0.0018,0.9802 +- 0.0011,0.9799 +- 0.0011,0.9799 +- 0.0011,0.9799 +- 0.0011,0.9968 +- 0.0019,0.9969 +- 0.0019,0.9599 +- 0.0021,18.6667 +- 1.1547,"[0.9787, 0.9806]"
