accuracy,precision_pos,recall_pos,f1_pos,f1_macro,precision_w,recall_w,f1_w,roc_auc,pr_auc,mcc,bal_acc,TP,FP,FN,TN,n_test,protocol,variant,seed,strategy,cv_fitness,n_models,n_train,n_features,test_with_copy_in_train,fraud_test_with_copy_in_train,seconds,params_fitted
0.933249370277078,0.3912133891213389,0.8738317757009346,0.5404624277456648,0.7522366461951502,0.9666365609035632,0.933249370277078,0.9449849692843544,0.9620406696107632,0.6917452555551099,0.5583299676698202,0.9049378658724454,187,291,27,4259,4764,dedup,V0,42,HGS,0.6313273992132773,19,11115,875,0.0,0.0,1368.7,"{""C"": 0.01, ""class_weight"": ""balanced"", ""l1_ratio"": null, ""max_iter"": 500, ""penalty"": ""l2"", ""solver"": ""liblinear""}"
0.9309403862300588,0.3824130879345603,0.8738317757009346,0.5320056899004267,0.7473626183213182,0.9662257679917576,0.9309403862300588,0.9433717790335318,0.9600400534045396,0.6918872676987421,0.5510742496090879,0.9037290746636542,187,302,27,4248,4764,dedup,V1,42,HGS,0.6325251259490512,25,11115,875,0.0,0.0,3416.2,"{""C"": 0.01, ""class_weight"": ""balanced"", ""l1_ratio"": null, ""max_iter"": 2000, ""penalty"": ""l2"", ""solver"": ""liblinear""}"
0.9414357682619648,0.4238875878220141,0.8457943925233645,0.5647425897035881,0.7666742092210975,0.9668537443822576,0.9414357682619648,0.9504641970942967,0.9568532402177264,0.6537257475665398,0.574090277883016,0.8958642292287152,181,246,33,4304,4764,dedup,V5,42,HGS,0.6083479699742846,22,11115,875,0.0,0.0,3388.6,"{""C"": 0.01, ""class_weight"": ""balanced"", ""l1_ratio"": null, ""max_iter"": 500, ""penalty"": ""l2"", ""solver"": ""lbfgs""}"
0.93303946263644,0.3908523908523909,0.8785046728971962,0.5410071942446043,0.7524463119417293,0.9668391236605682,0.93303946263644,0.9448896398877272,0.9612016021361816,0.7031517214971666,0.559691359160816,0.907054534250796,188,293,26,4257,4764,dedup,V1c,42,HGS,0.6354960127399936,21,11115,886,0.0,0.0,1940.0,"{""C"": 0.01, ""class_weight"": ""balanced"", ""l1_ratio"": null, ""max_iter"": 500, ""penalty"": ""l2"", ""solver"": ""liblinear""}"
0.947613721103654,0.4779874213836478,0.8769230769230769,0.6187245590230664,0.7952996231207816,0.96846678168054,0.947613721103654,0.9547570449122303,0.9709564142753798,0.7178584384990436,0.6248334362616026,0.9140689052326983,228,249,32,4855,5364,full,V0,42,HGS,0.6648228220071808,20,12516,875,0.1366517524235645,0.2230769230769231,1875.1,"{""C"": 0.01, ""class_weight"": ""balanced"", ""l1_ratio"": null, ""max_iter"": 500, ""penalty"": ""l2"", ""solver"": ""lbfgs""}"
0.9489187173750931,0.4849785407725321,0.8692307692307693,0.6225895316804407,0.7975975052923299,0.968431105366136,0.9489187173750931,0.9556397543929994,0.9620659512900892,0.6922138371157824,0.6269339554063695,0.9111044128285508,226,240,34,4864,5364,full,V5,42,HGS,0.6515800550057004,20,12516,875,0.1366517524235645,0.2230769230769231,2332.4,"{""C"": 0.01, ""class_weight"": ""balanced"", ""l1_ratio"": null, ""max_iter"": 500, ""penalty"": ""l2"", ""solver"": ""lbfgs""}"
0.9095298068849706,0.3157894736842105,0.8691588785046729,0.4632627646326276,0.7069322419151677,0.962859776932943,0.9095298068849706,0.928710338786934,0.9512128992502824,0.5976032597272835,0.4911885813721496,0.8902937249666222,186,403,28,4147,4764,dedup,V5,42,Random,0.6056323585056,22,11115,875,0.0,0.0,6217.0,"{""C"": 0.01, ""class_weight"": ""balanced"", ""l1_ratio"": 0.5, ""max_iter"": 2000, ""penalty"": ""elasticnet"", ""solver"": ""saga""}"
0.943744752308984,0.4357142857142857,0.8551401869158879,0.5772870662460567,0.7735771962667207,0.9678364364983276,0.943744752308984,0.9522325287120608,0.9661415220293724,0.7294902509724797,0.5866605001951734,0.901526137413988,183,237,31,4313,4764,dedup,V0,7,HGS,0.6085211722817538,19,11115,875,0.0,0.0,2885.5,"{""C"": 0.01, ""class_weight"": ""balanced"", ""l1_ratio"": null, ""max_iter"": 1000, ""penalty"": ""l2"", ""solver"": ""saga""}"
0.943534844668346,0.4346793349168646,0.8551401869158879,0.5763779527559055,0.7730647213459051,0.9677883769084006,0.943534844668346,0.9520810581650148,0.9628684399712436,0.7258841001399373,0.5858704107578316,0.901416247304098,183,238,31,4312,4764,dedup,V1,7,HGS,0.6140755683728032,23,11115,875,0.0,0.0,2711.9,"{""C"": 0.01, ""class_weight"": ""balanced"", ""l1_ratio"": null, ""max_iter"": 500, ""penalty"": ""l2"", ""solver"": ""lbfgs""}"
0.9408060453400504,0.4212962962962963,0.8504672897196262,0.5634674922600619,0.7658589431577274,0.9669494260629355,0.9408060453400504,0.9500674509436798,0.9540012324124472,0.6966660978238155,0.5738241344389952,0.8977611173872856,182,250,32,4300,4764,dedup,V5,7,HGS,0.5901509447956919,24,11115,875,0.0,0.0,3355.8,"{""C"": 0.01, ""class_weight"": ""balanced"", ""l1_ratio"": null, ""max_iter"": 2000, ""penalty"": ""l2"", ""solver"": ""lbfgs""}"
0.93303946263644,0.3894736842105263,0.8644859813084113,0.5370101596516691,0.7504600521077669,0.966117258898777,0.93303946263644,0.944733505862939,0.9663376810105784,0.7238851139711721,0.5535853024966756,0.9003748587860738,185,290,29,4260,4764,dedup,V1c,7,HGS,0.6097387986447838,22,11115,886,0.0,0.0,2618.0,"{""C"": 0.05, ""class_weight"": ""balanced"", ""l1_ratio"": null, ""max_iter"": 500, ""penalty"": ""l1"", ""solver"": ""liblinear""}"
0.953020134228188,0.509478672985782,0.8269230769230769,0.6304985337243402,0.802706961466988,0.9675595346169517,0.953020134228188,0.958221059898268,0.9562191041716904,0.7465259236163604,0.6272771935847695,0.8931833252953942,215,207,45,4897,5364,full,V0,7,HGS,0.6862544873791939,27,12516,875,0.1387024608501118,0.1615384615384615,3290.0,"{""C"": 0.05, ""class_weight"": ""balanced"", ""l1_ratio"": null, ""max_iter"": 500, ""penalty"": ""l2"", ""solver"": ""liblinear""}"
0.9461222967934376,0.4662004662004662,0.7692307692307693,0.5805515239477503,0.7758818980432047,0.962557309837047,0.9461222967934376,0.9522764416894354,0.951981854352544,0.6843119533233272,0.573491043068749,0.8621819990354473,200,229,60,4875,5364,full,V5,7,HGS,0.6689767009751847,21,12516,875,0.1387024608501118,0.1615384615384615,4025.0,"{""C"": 0.1, ""class_weight"": ""balanced"", ""l1_ratio"": null, ""max_iter"": 500, ""penalty"": ""l1"", ""solver"": ""saga""}"
0.934718723761545,0.3952483801295896,0.8551401869158879,0.5406203840472673,0.7527415557113526,0.9659505571873428,0.934718723761545,0.9458056615752218,0.956439355037486,0.6913572451067187,0.5549322588281276,0.8968008626887132,183,280,31,4270,4764,dedup,V5,7,Random,0.5923429796791285,24,11115,875,0.0,0.0,4495.7,"{""C"": 0.05, ""class_weight"": ""balanced"", ""l1_ratio"": null, ""max_iter"": 1000, ""penalty"": ""l1"", ""solver"": ""saga""}"
0.922334172963896,0.3539325842696629,0.883177570093458,0.5053475935828877,0.7316031817572752,0.9653338203355636,0.922334172963896,0.937531861506256,0.9608719318065114,0.6608426982792843,0.5300727130195432,0.903676697134641,189,345,25,4205,4764,dedup,V0,123,HGS,0.6297466667370232,32,11115,875,0.0,0.0,5419.6,"{""C"": 0.01, ""class_weight"": ""balanced"", ""l1_ratio"": null, ""max_iter"": 2000, ""penalty"": ""l2"", ""solver"": ""liblinear""}"
0.9378673383711168,0.4059633027522936,0.8271028037383178,0.5446153846153846,0.7556372710416415,0.9651507708820636,0.9378673383711168,0.9477008519703252,0.9561415220293724,0.6180636525291514,0.5532453813081792,0.8850898634076204,177,259,37,4291,4764,dedup,V1,123,HGS,0.6285604210220652,30,11115,875,0.0,0.0,6874.1,"{""C"": 0.05, ""class_weight"": ""balanced"", ""l1_ratio"": 0.5, ""max_iter"": 2000, ""penalty"": ""elasticnet"", ""solver"": ""saga""}"
0.9219143576826196,0.3463035019455253,0.8317757009345794,0.489010989010989,0.7233691308691309,0.962545712205238,0.9219143576826196,0.9366724270691524,0.9471264249768924,0.5726147765362394,0.5060173389123723,0.8789647735442128,178,336,36,4214,4764,dedup,V5,123,HGS,0.6205067835382967,24,11115,875,0.0,0.0,3713.6,"{""C"": 0.05, ""class_weight"": ""balanced"", ""l1_ratio"": null, ""max_iter"": 2000, ""penalty"": ""l1"", ""solver"": ""liblinear""}"
0.9408060453400504,0.419047619047619,0.822429906542056,0.555205047318612,0.7617491393552809,0.9655487331430526,0.9408060453400504,0.9497372130477654,0.9569990756906644,0.621603415484313,0.561640480090473,0.8844017664578412,176,244,38,4306,4764,dedup,V1c,123,HGS,0.6182763813431347,21,11115,886,0.0,0.0,3785.6,"{""C"": 0.1, ""class_weight"": ""balanced"", ""l1_ratio"": null, ""max_iter"": 2000, ""penalty"": ""l1"", ""solver"": ""saga""}"
0.9429530201342282,0.4555984555984556,0.9076923076923076,0.6066838046272494,0.7879650178915141,0.9688996725589556,0.9429530201342282,0.9516723626066704,0.9702654027007476,0.7154976498427711,0.6197977836593893,0.926220761996624,236,282,24,4822,5364,full,V0,123,HGS,0.6535042556341876,28,12516,875,0.1323639075316927,0.2076923076923077,4484.1,"{""C"": 0.05, ""class_weight"": ""balanced"", ""l1_ratio"": null, ""max_iter"": 2000, ""penalty"": ""l1"", ""solver"": ""saga""}"
0.9463087248322148,0.4705882352941176,0.8615384615384616,0.6086956521739131,0.7899362968635779,0.9673307431915088,0.9463087248322148,0.9536070058264292,0.9606341933928142,0.6976884607318253,0.6133627912982211,0.9060827103930552,224,252,36,4852,5364,full,V5,123,HGS,0.6433531984983534,19,12516,875,0.1323639075316927,0.2076923076923077,4831.8,"{""C"": 0.1, ""class_weight"": ""balanced"", ""l1_ratio"": null, ""max_iter"": 2000, ""penalty"": ""l1"", ""solver"": ""saga""}"
0.9219143576826196,0.3463035019455253,0.8317757009345794,0.489010989010989,0.7233691308691309,0.962545712205238,0.9219143576826196,0.9366724270691524,0.9471264249768923,0.5726147765362394,0.5060173389123723,0.8789647735442128,178,336,36,4214,4764,dedup,V5,123,Random,0.6205067835382967,24,11115,875,0.0,0.0,3250.8,"{""C"": 0.05, ""class_weight"": ""balanced"", ""l1_ratio"": null, ""max_iter"": 500, ""penalty"": ""l1"", ""solver"": ""liblinear""}"
