accuracy,precision_pos,recall_pos,f1_pos,f1_macro,precision_w,recall_w,f1_w,roc_auc,pr_auc,mcc,bal_acc,TP,FP,FN,TN,n_test,variant,task,seed,split,cv_fitness,n_models,n_train,recall_manual,seconds,params_fitted
0.9864457831325302,0.948905109489051,0.9848484848484848,0.966542750929368,0.9790220836799814,0.9868019565067566,0.9864457831325302,0.9865397540116764,0.9974082934609252,0.992868765815982,0.958308163106401,0.9858452950558214,130,7,2,525,664,V0,T1,42,group,0.9612773671221376,26,1736,0.9848484848484848,1109.7,"{""C"": 0.3, ""class_weight"": ""balanced"", ""l1_ratio"": null, ""max_iter"": 2000, ""penalty"": ""l2"", ""solver"": ""saga""}"
0.9849397590361446,0.9552238805970148,0.9696969696969696,0.962406015037594,0.97649490959036,0.9850518944264808,0.9849397590361446,0.9849821954655203,0.9978924584187742,0.9928961918003344,0.9530326077826138,0.979209387104124,128,6,4,526,664,V5,T1,42,group,0.95600893119758,25,1736,0.9696969696969696,1242.5,"{""C"": 0.1, ""class_weight"": ""balanced"", ""l1_ratio"": null, ""max_iter"": 1000, ""penalty"": ""l2"", ""solver"": ""saga""}"
0.9708454810495628,0.9644970414201184,0.9760479041916168,0.9702380952380952,0.9708333333333332,0.970918451620016,0.9708454810495628,0.970848951825628,0.996223462166576,0.9958941612133438,0.941732738691928,0.970978497550354,163,6,4,170,343,V0,T1b,42,group,0.9553998119354176,25,857,0.9760479041916168,395.7,"{""C"": 0.3, ""class_weight"": null, ""l1_ratio"": null, ""max_iter"": 500, ""penalty"": ""l1"", ""solver"": ""saga""}"
0.979591836734694,0.9819277108433736,0.9760479041916168,0.978978978978979,0.9795744753251836,0.9796050337635566,0.979591836734694,0.9795901005937429,0.9983328796951552,0.9982913314547116,0.959165631333206,0.9795012248230812,163,3,4,173,343,V5,T1b,42,group,0.9529037823265756,18,857,0.9760479041916168,133.6,"{""C"": 0.01, ""class_weight"": ""balanced"", ""l1_ratio"": null, ""max_iter"": 500, ""penalty"": ""l2"", ""solver"": ""lbfgs""}"
0.9844206426484908,0.9838056680161944,0.9838056680161944,0.9838056680161944,0.9843981435765774,0.9844206426484908,0.9844206426484908,0.9844206426484908,0.9981883920365208,0.9978676555499212,0.9687962871531548,0.9843981435765774,486,8,8,525,1027,V0,T3,42,group,0.971343142485287,26,2573,0.948905109489051,1167.9,"{""C"": 0.5, ""class_weight"": null, ""l1_ratio"": null, ""max_iter"": 500, ""penalty"": ""l2"", ""solver"": ""liblinear""}"
0.9863680623174296,0.98582995951417,0.98582995951417,0.98582995951417,0.9863483756295052,0.9863680623174296,0.9863680623174296,0.9863680623174296,0.9967261927368574,0.995497164731155,0.9726967512590106,0.9863483756295052,487,7,7,526,1027,V5,T3,42,group,0.9774664154410496,21,2573,0.9562043795620438,621.2,"{""C"": 0.05, ""class_weight"": null, ""l1_ratio"": null, ""max_iter"": 500, ""penalty"": ""l2"", ""solver"": ""lbfgs""}"
0.9832167832167832,0.9523809523809524,0.9836065573770492,0.967741935483871,0.9781998902372095,0.9835685227320208,0.9832167832167832,0.9833045422776504,0.9983565471054684,0.9950812310272944,0.9566310705669828,0.9833446320719832,180,9,3,523,715,V0,T1,7,group,0.9441387612053498,20,1685,0.9836065573770492,1025.3,"{""C"": 0.1, ""class_weight"": ""balanced"", ""l1_ratio"": null, ""max_iter"": 500, ""penalty"": ""l1"", ""solver"": ""liblinear""}"
0.9846153846153848,0.9777777777777776,0.9617486338797814,0.9696969696969696,0.9796938456732271,0.9845770428948,0.9846153846153848,0.9845734396812188,0.998962570360327,0.9968798912482544,0.9594474864205192,0.97711491844365,176,4,7,528,715,V5,T1,7,group,0.93964661030051,22,1685,0.9617486338797814,1452.0,"{""C"": 0.3, ""class_weight"": null, ""l1_ratio"": null, ""max_iter"": 2000, ""penalty"": ""l1"", ""solver"": ""liblinear""}"
0.9771428571428572,0.9774011299435028,0.9774011299435028,0.9774011299435028,0.9771398713301328,0.9771428571428572,0.9771428571428572,0.9771428571428572,0.9971261552529308,0.9976061652763804,0.9542797426602658,0.9771398713301328,173,4,4,169,350,V0,T1b,7,group,0.9681943476332212,19,850,0.9774011299435028,479.7,"{""C"": 0.05, ""class_weight"": null, ""l1_ratio"": null, ""max_iter"": 1000, ""penalty"": ""l2"", ""solver"": ""saga""}"
0.98,0.9775280898876404,0.9830508474576272,0.9802816901408452,0.9799959175341908,0.9800143715704208,0.98,0.9799991835068382,0.9967995819862188,0.997359595298244,0.9600078415984056,0.9799647300871952,174,4,3,169,350,V5,T1b,7,group,0.9654592580373966,20,850,0.9830508474576272,461.5,"{""C"": 0.01, ""class_weight"": null, ""l1_ratio"": null, ""max_iter"": 500, ""penalty"": ""l2"", ""solver"": ""saga""}"
0.9826007326007326,0.9787234042553192,0.9874776386404294,0.9830810329474622,0.9825866993201025,0.9826374497252156,0.9826007326007326,0.9825984691683728,0.997506267893283,0.9972282774730632,0.9652146652520974,0.9824817836729351,552,12,7,521,1092,V0,T3,7,group,0.9694911913012512,32,2508,0.9653465346534652,1681.3,"{""C"": 0.5, ""class_weight"": ""balanced"", ""l1_ratio"": null, ""max_iter"": 1000, ""penalty"": ""l2"", ""solver"": ""liblinear""}"
0.9853479853479854,0.9856887298747764,0.9856887298747764,0.9856887298747764,0.9853396745058683,0.9853479853479854,0.9853479853479854,0.9853479853479854,0.9977210711972264,0.9974305335767149,0.970679349011737,0.9853396745058683,551,8,8,525,1092,V5,T3,7,group,0.9710492200852904,24,2508,0.9603960396039604,2315.7,"{""C"": 1.0, ""class_weight"": null, ""l1_ratio"": null, ""max_iter"": 500, ""penalty"": ""l2"", ""solver"": ""lbfgs""}"
0.9779735682819384,0.930379746835443,0.9735099337748344,0.9514563106796116,0.9686056482172988,0.978610579276442,0.9779735682819384,0.9781498463476708,0.9989753842309136,0.9967551482254028,0.937623224229387,0.9763776083968512,147,11,4,519,681,V0,T1,123,group,0.9591821241795978,21,1719,0.9735099337748344,1108.6,"{""C"": 0.3, ""class_weight"": ""balanced"", ""l1_ratio"": null, ""max_iter"": 1000, ""penalty"": ""l2"", ""solver"": ""lbfgs""}"
0.9794419970631424,0.9254658385093169,0.9867549668874172,0.9551282051282052,0.970897435897436,0.9804800001122544,0.9794419970631424,0.9796735569863324,0.9989753842309134,0.9966165566826218,0.9426271482605224,0.9820567287267274,149,12,2,518,681,V5,T1,123,group,0.9613921471582998,19,1719,0.9867549668874172,1435.8,"{""C"": 0.3, ""class_weight"": ""balanced"", ""l1_ratio"": null, ""max_iter"": 500, ""penalty"": ""l1"", ""solver"": ""saga""}"
0.971153846153846,0.9507042253521126,0.9854014598540146,0.967741935483871,0.970827489481066,0.9717553055891912,0.971153846153846,0.9712032941345704,0.9973722627737226,0.996736717360714,0.942164949688396,0.9727007299270072,135,7,2,168,312,V0,T1b,123,group,0.9697267624168284,20,888,0.9854014598540146,312.4,"{""C"": 0.5, ""class_weight"": ""balanced"", ""l1_ratio"": null, ""max_iter"": 2000, ""penalty"": ""l1"", ""solver"": ""liblinear""}"
0.971153846153846,0.9571428571428572,0.978102189781022,0.967509025270758,0.9707862129235636,0.9713982238691542,0.971153846153846,0.9711853575735848,0.996120959332638,0.995281288472768,0.9417564880072836,0.9719082377476538,134,6,3,169,312,V5,T1b,123,group,0.9682722213563486,24,888,0.978102189781022,576.5,"{""C"": 1.0, ""class_weight"": null, ""l1_ratio"": null, ""max_iter"": 500, ""penalty"": ""l1"", ""solver"": ""saga""}"
0.985981308411215,0.9816176470588236,0.9907235621521336,0.9861495844875346,0.985979238790598,0.9860227880818648,0.985981308411215,0.9859805124032854,0.9977988113581334,0.9975487598845716,0.9720015507694804,0.985945585219193,534,10,5,521,1070,V0,T3,123,group,0.9698628061650348,20,2530,0.978021978021978,1196.1,"{""C"": 0.3, ""class_weight"": ""balanced"", ""l1_ratio"": null, ""max_iter"": 1000, ""penalty"": ""l2"", ""solver"": ""liblinear""}"
0.9841121495327103,0.9762773722627737,0.9925788497217068,0.984360625574977,0.9841081380486472,0.9842472318994332,0.9841121495327103,0.9841100258058534,0.9976206198966489,0.9971520742675628,0.9683556041444374,0.9840483702469174,535,13,4,518,1070,V5,T3,123,group,0.9686797375419819,24,2530,0.9835164835164835,2004.0,"{""C"": 1.0, ""class_weight"": null, ""l1_ratio"": null, ""max_iter"": 500, ""penalty"": ""l1"", ""solver"": ""saga""}"
