accuracy,precision_pos,recall_pos,f1_pos,f1_macro,precision_w,recall_w,f1_w,roc_auc,pr_auc,mcc,bal_acc,TP,FP,FN,TN,n_test,objective,task,seed,objective_value,n_models,cv_f1,cv_f1_sd,reproduced,train_f1,optimism,overfit_gap,params_fitted,seconds
0.9847222222222224,0.9617486338797814,0.9777777777777776,0.9696969696969696,0.9797417067612052,0.9848505662911744,0.9847222222222224,0.9847640752933232,0.9962448559670782,0.98689025405186,0.959542926378968,0.9824074074074074,176,7,4,533,720,owa_gap,T1,42,0.9668580299057468,20,0.9707316670460718,0.0132468792760569,True,0.9940828402366864,0.0010346973491021,0.0243858705397166,"{""C"": 0.3, ""class_weight"": ""balanced"", ""l1_ratio"": null, ""max_iter"": 2000, ""penalty"": ""l1"", ""solver"": ""saga""}",190.8
0.9833333333333332,0.9565217391304348,0.9777777777777776,0.967032967032967,0.9779402753380448,0.9835334198572354,0.9833333333333332,0.9833939294905838,0.9961522633744856,0.986712018228469,0.955985730690134,0.9814814814814814,176,8,4,532,720,owa_nogap,T1,42,0.9756131632692344,27,0.9719408213596564,0.015224839735149,True,0.9940828402366864,0.0049078543266894,0.0270498732037193,"{""C"": 0.3, ""class_weight"": ""balanced"", ""l1_ratio"": 0.9, ""max_iter"": 2000, ""penalty"": ""elasticnet"", ""solver"": ""saga""}",1328.4
0.9847222222222224,0.9617486338797814,0.9777777777777776,0.9696969696969696,0.9797417067612052,0.9848505662911744,0.9847222222222224,0.9847640752933232,0.9962448559670782,0.98689025405186,0.959542926378968,0.9824074074074074,176,7,4,533,720,mean_gap,T1,42,0.9781994694976974,20,0.9707316670460718,0.0132468792760569,True,0.9940828402366864,0.0010346973491021,0.0243858705397166,"{""C"": 0.3, ""class_weight"": ""balanced"", ""l1_ratio"": null, ""max_iter"": 2000, ""penalty"": ""l1"", ""solver"": ""saga""}",939.3
0.9819444444444444,0.9664804469273744,0.9611111111111112,0.9637883008356546,0.9758811994465044,0.981915860345522,0.9819444444444444,0.9819276487519294,0.9962139917695474,0.987117777051858,0.951769075367023,0.975,173,6,7,534,720,f1_cv,T1,42,0.9715652912162172,24,0.9715652912162172,0.0162993006732479,True,0.99642431466031,0.0077769903805625,0.0326360138246553,"{""C"": 0.3, ""class_weight"": null, ""l1_ratio"": null, ""max_iter"": 500, ""penalty"": ""l1"", ""solver"": ""saga""}",497.8
0.9777777777777776,0.9725274725274724,0.9833333333333332,0.9779005524861878,0.977777091885552,0.9778367699716014,0.9777777777777776,0.9777770918855518,0.9975925925925926,0.9976514377837504,0.95561454592852,0.9777777777777776,177,5,3,175,360,owa_gap,T1b,42,0.9620946122194484,19,0.9738635213121392,0.0087753668504536,True,1.0,-0.0040370311740485,0.0220994475138122,"{""C"": 0.5, ""class_weight"": null, ""l1_ratio"": null, ""max_iter"": 500, ""penalty"": ""l2"", ""solver"": ""lbfgs""}",6.2
0.9777777777777776,0.9725274725274724,0.9833333333333332,0.9779005524861878,0.977777091885552,0.9778367699716014,0.9777777777777776,0.9777770918855518,0.9975925925925926,0.9976514377837504,0.95561454592852,0.9777777777777776,177,5,3,175,360,owa_nogap,T1b,42,0.973941181305365,18,0.9738635213121392,0.0087753668504536,True,1.0,-0.0040370311740485,0.0220994475138122,"{""C"": 0.5, ""class_weight"": null, ""l1_ratio"": null, ""max_iter"": 500, ""penalty"": ""l2"", ""solver"": ""lbfgs""}",108.1
0.9777777777777776,0.9725274725274724,0.9833333333333332,0.9779005524861878,0.977777091885552,0.9778367699716014,0.9777777777777776,0.9777770918855518,0.9975925925925926,0.9976514377837504,0.95561454592852,0.9777777777777776,177,5,3,175,360,mean_gap,T1b,42,0.9718665679123056,18,0.9738635213121392,0.0087753668504536,True,1.0,-0.0040370311740485,0.0220994475138122,"{""C"": 0.5, ""class_weight"": null, ""l1_ratio"": null, ""max_iter"": 500, ""penalty"": ""l2"", ""solver"": ""lbfgs""}",116.6
0.9777777777777776,0.9725274725274724,0.9833333333333332,0.9779005524861878,0.977777091885552,0.9778367699716014,0.9777777777777776,0.9777770918855518,0.9975925925925926,0.9976514377837504,0.95561454592852,0.9777777777777776,177,5,3,175,360,f1_cv,T1b,42,0.9738635213121392,19,0.9738635213121392,0.0087753668504536,True,1.0,-0.0040370311740485,0.0220994475138122,"{""C"": 0.5, ""class_weight"": null, ""l1_ratio"": null, ""max_iter"": 500, ""penalty"": ""l2"", ""solver"": ""lbfgs""}",95.5
0.9944444444444444,0.9916666666666668,0.9916666666666668,0.9916666666666668,0.99375,0.9944444444444444,0.9944444444444444,0.9944444444444444,0.999891975308642,0.9997868055039784,0.9875,0.99375,357,3,3,717,1080,owa_gap,T2,42,0.9919130398072856,17,0.9934647449484244,0.0022186960138661,True,1.0,0.0017980782817578,0.0083333333333333,"{""C"": 0.3, ""class_weight"": ""balanced"", ""l1_ratio"": null, ""max_iter"": 1000, ""penalty"": ""l2"", ""solver"": ""lbfgs""}",6.6
0.9944444444444444,0.9916666666666668,0.9916666666666668,0.9916666666666668,0.99375,0.9944444444444444,0.9944444444444444,0.9944444444444444,0.999891975308642,0.9997868055039784,0.9875,0.99375,357,3,3,717,1080,owa_nogap,T2,42,0.99439793287209,13,0.9934647449484244,0.0022186960138661,True,1.0,0.0017980782817578,0.0083333333333333,"{""C"": 0.3, ""class_weight"": ""balanced"", ""l1_ratio"": null, ""max_iter"": 1000, ""penalty"": ""l2"", ""solver"": ""lbfgs""}",206.3
0.9944444444444444,0.9916666666666668,0.9916666666666668,0.9916666666666668,0.99375,0.9944444444444444,0.9944444444444444,0.9944444444444444,0.999868827160494,0.999738829111025,0.9875,0.99375,357,3,3,717,1080,mean_gap,T2,42,0.9945666074304196,12,0.9928853407111796,0.0030151302024206,True,1.0,0.001218674044513,0.0083333333333333,"{""C"": 0.1, ""class_weight"": ""balanced"", ""l1_ratio"": null, ""max_iter"": 500, ""penalty"": ""l2"", ""solver"": ""lbfgs""}",196.4
0.9944444444444444,0.9916666666666668,0.9916666666666668,0.9916666666666668,0.99375,0.9944444444444444,0.9944444444444444,0.9944444444444444,0.999891975308642,0.9997868055039784,0.9875,0.99375,357,3,3,717,1080,f1_cv,T2,42,0.9934647449484244,20,0.9934647449484244,0.0022186960138661,True,1.0,0.0017980782817578,0.0083333333333333,"{""C"": 0.3, ""class_weight"": ""balanced"", ""l1_ratio"": null, ""max_iter"": 1000, ""penalty"": ""l2"", ""solver"": ""lbfgs""}",511.7
0.9833333333333332,0.9833333333333332,0.9833333333333332,0.9833333333333332,0.9833333333333332,0.9833333333333332,0.9833333333333332,0.9833333333333332,0.9954423868312756,0.9957815136295988,0.9666666666666668,0.9833333333333332,531,9,9,531,1080,owa_gap,T3,42,0.9791301044072958,18,0.9853132626446224,0.0032189540868818,True,1.0,0.001979929311289,0.0166666666666667,"{""C"": 1.0, ""class_weight"": null, ""l1_ratio"": null, ""max_iter"": 500, ""penalty"": ""l2"", ""solver"": ""lbfgs""}",6.1
0.9787037037037036,0.979591836734694,0.9777777777777776,0.9786839666357738,0.9787036854455464,0.978705345354408,0.9787037037037036,0.9787036854455466,0.994320987654321,0.9946859149911068,0.957409049056704,0.9787037037037036,528,11,12,529,1080,owa_nogap,T3,42,0.9868907127876804,33,0.986122754946098,0.003525096704205,True,1.0,0.0074387883103242,0.0213160333642261,"{""C"": 2.0, ""class_weight"": ""balanced"", ""l1_ratio"": 0.9, ""max_iter"": 2000, ""penalty"": ""elasticnet"", ""solver"": ""saga""}",1784.7
0.9833333333333332,0.9833333333333332,0.9833333333333332,0.9833333333333332,0.9833333333333332,0.9833333333333332,0.9833333333333332,0.9833333333333332,0.9954423868312756,0.9957815136295988,0.9666666666666668,0.9833333333333332,531,9,9,531,1080,mean_gap,T3,42,0.9843138497652436,19,0.9853132626446224,0.0032189540868818,True,1.0,0.001979929311289,0.0166666666666667,"{""C"": 1.0, ""class_weight"": null, ""l1_ratio"": null, ""max_iter"": 500, ""penalty"": ""l2"", ""solver"": ""lbfgs""}",268.8
0.9824074074074074,0.9833024118738404,0.9814814814814816,0.9823911028730306,0.982407392324582,0.9824090617594712,0.9824074074074074,0.982407392324582,0.9954183813443072,0.9957012355147548,0.96481646916546,0.9824074074074074,530,9,10,531,1080,f1_cv,T3,42,0.9857188260198638,18,0.9857188260198638,0.0028915840528737,True,1.0,0.0033277231468332,0.0176088971269694,"{""C"": 2.0, ""class_weight"": ""balanced"", ""l1_ratio"": 0.1, ""max_iter"": 2000, ""penalty"": ""elasticnet"", ""solver"": ""saga""}",652.5
0.9847222222222224,0.9617486338797814,0.9777777777777776,0.9696969696969696,0.9797417067612052,0.9848505662911744,0.9847222222222224,0.9847640752933232,0.9972427983539094,0.993772513679006,0.959542926378968,0.9824074074074074,176,7,4,533,720,owa_gap,T1,7,0.9515500452434928,28,0.960745694817822,0.0119438925008282,True,0.9832935560859188,-0.0089512748791475,0.0135965863889491,"{""C"": 0.1, ""class_weight"": null, ""l1_ratio"": null, ""max_iter"": 1000, ""penalty"": ""l1"", ""solver"": ""liblinear""}",0.3
0.9847222222222224,0.9720670391061452,0.9666666666666668,0.9693593314763232,0.9795917841470424,0.984698830016832,0.9847222222222224,0.9847080104824016,0.997366255144033,0.9938824551995116,0.9591902767344072,0.9787037037037036,174,5,6,535,720,owa_nogap,T1,7,0.9647718563953251,22,0.9632532415232128,0.0113288220442531,True,0.9976190476190476,-0.0061060899531104,0.0282597161427244,"{""C"": 0.3, ""class_weight"": null, ""l1_ratio"": null, ""max_iter"": 2000, ""penalty"": ""l1"", ""solver"": ""liblinear""}",817.4
0.9847222222222224,0.9720670391061452,0.9666666666666668,0.9693593314763232,0.9795917841470424,0.984698830016832,0.9847222222222224,0.9847080104824016,0.997366255144033,0.9938824551995116,0.9591902767344072,0.9787037037037036,174,5,6,535,720,mean_gap,T1,7,0.9642327558082178,25,0.9632532415232128,0.0113288220442531,True,0.9976190476190476,-0.0061060899531104,0.0282597161427244,"{""C"": 0.3, ""class_weight"": null, ""l1_ratio"": null, ""max_iter"": 2000, ""penalty"": ""l1"", ""solver"": ""liblinear""}",1003.1
0.9833333333333332,0.9719101123595506,0.9611111111111112,0.9664804469273744,0.9776949369572177,0.983291181226419,0.9833333333333332,0.9833021819721394,0.9984053497942388,0.9955792545724372,0.9554167418898504,0.975925925925926,173,5,7,535,720,f1_cv,T1,7,0.9664748845486651,32,0.9664748845486651,0.009485217591364,True,1.0,-5.562378709078608e-06,0.0335195530726256,"{""C"": 0.05, ""class_weight"": null, ""l1_ratio"": null, ""max_iter"": 500, ""penalty"": ""l2"", ""solver"": ""saga""}",806.1
0.9861111111111112,0.988826815642458,0.9833333333333332,0.9860724233983288,0.9861110039429316,0.9861261150035496,0.9861111111111112,0.9861110039429316,0.9993518518518518,0.9993756787874436,0.972237225998888,0.9861111111111112,177,2,3,178,360,owa_gap,T1b,7,0.971400589343418,20,0.9820776689915336,0.0037674512125816,True,1.0,-0.003994754406795,0.0139275766016713,"{""C"": 2.0, ""class_weight"": ""balanced"", ""l1_ratio"": null, ""max_iter"": 2000, ""penalty"": ""l2"", ""solver"": ""saga""}",40.0
0.9861111111111112,0.988826815642458,0.9833333333333332,0.9860724233983288,0.9861110039429316,0.9861261150035496,0.9861111111111112,0.9861110039429316,0.9993518518518518,0.9993756787874436,0.972237225998888,0.9861111111111112,177,2,3,178,360,owa_nogap,T1b,7,0.9802173153933016,20,0.9820776689915336,0.0037674512125816,True,1.0,-0.003994754406795,0.0139275766016713,"{""C"": 2.0, ""class_weight"": ""balanced"", ""l1_ratio"": null, ""max_iter"": 2000, ""penalty"": ""l2"", ""solver"": ""saga""}",462.0
0.9861111111111112,0.988826815642458,0.9833333333333332,0.9860724233983288,0.9861110039429316,0.9861261150035496,0.9861111111111112,0.9861110039429316,0.9993518518518518,0.9993756787874436,0.972237225998888,0.9861111111111112,177,2,3,178,360,mean_gap,T1b,7,0.9789781768993948,20,0.9820776689915336,0.0037674512125816,True,1.0,-0.003994754406795,0.0139275766016713,"{""C"": 2.0, ""class_weight"": ""balanced"", ""l1_ratio"": null, ""max_iter"": 2000, ""penalty"": ""l2"", ""solver"": ""saga""}",508.3
0.9861111111111112,0.988826815642458,0.9833333333333332,0.9860724233983288,0.9861110039429316,0.9861261150035496,0.9861111111111112,0.9861110039429316,0.999320987654321,0.9993459877741458,0.972237225998888,0.9861111111111112,177,2,3,178,360,f1_cv,T1b,7,0.9820776689915336,20,0.9820776689915336,0.0037674512125816,True,1.0,-0.003994754406795,0.0139275766016713,"{""C"": 0.5, ""class_weight"": ""balanced"", ""l1_ratio"": null, ""max_iter"": 1000, ""penalty"": ""l2"", ""solver"": ""saga""}",306.6
0.9953703703703703,0.9944289693593314,0.9916666666666668,0.9930458970792768,0.9947880422245794,0.9953690646824216,0.9953703703703703,0.9953687572730135,0.9998726851851852,0.9997534265619372,0.9895782450204258,0.9944444444444444,357,2,3,718,1080,owa_gap,T2,7,0.990197103481866,20,0.992284678153295,0.0040566304886818,True,1.0,-0.0007612189259817,0.0069541029207231,"{""C"": 0.5, ""class_weight"": ""balanced"", ""l1_ratio"": null, ""max_iter"": 1000, ""penalty"": ""l2"", ""solver"": ""saga""}",114.5
0.9953703703703703,0.9944289693593314,0.9916666666666668,0.9930458970792768,0.9947880422245794,0.9953690646824216,0.9953703703703703,0.9953687572730135,0.9998726851851852,0.9997534265619372,0.9895782450204258,0.9944444444444444,357,2,3,718,1080,owa_nogap,T2,7,0.9928969166115909,21,0.992284678153295,0.0040566304886818,True,1.0,-0.0007612189259817,0.0069541029207231,"{""C"": 0.5, ""class_weight"": ""balanced"", ""l1_ratio"": null, ""max_iter"": 1000, ""penalty"": ""l2"", ""solver"": ""saga""}",1739.1
0.9953703703703703,0.9944289693593314,0.9916666666666668,0.9930458970792768,0.9947880422245794,0.9953690646824216,0.9953703703703703,0.9953687572730135,0.9998726851851852,0.9997534265619372,0.9895782450204258,0.9944444444444444,357,2,3,718,1080,mean_gap,T2,7,0.9942981639065795,21,0.992284678153295,0.0040566304886818,True,1.0,-0.0007612189259817,0.0069541029207231,"{""C"": 0.5, ""class_weight"": ""balanced"", ""l1_ratio"": null, ""max_iter"": 1000, ""penalty"": ""l2"", ""solver"": ""saga""}",1771.2
0.9962962962962963,0.9972067039106144,0.9916666666666668,0.9944289693593314,0.9958275221276548,0.9962988182010452,0.9962962962962963,0.9962937063837624,0.9997492283950618,0.9995294460753292,0.9916637086861708,0.9951388888888888,357,1,3,719,1080,f1_cv,T2,7,0.9928710951805846,28,0.9928710951805846,0.0044655051638462,True,0.9994051160023796,-0.0015578741787468,0.0049761466430481,"{""C"": 0.5, ""class_weight"": null, ""l1_ratio"": null, ""max_iter"": 500, ""penalty"": ""l1"", ""solver"": ""saga""}",1454.1
0.9796296296296296,0.977859778597786,0.9814814814814816,0.9796672828096118,0.9796295597721528,0.9796362090014952,0.9796296296296296,0.9796295597721528,0.998858024691358,0.9988924125241868,0.9592658386085616,0.9796296296296296,530,12,10,528,1080,owa_gap,T3,7,0.977271619497316,18,0.9825737452038468,0.0022600914706074,True,1.0,0.002906462394235,0.0203327171903882,"{""C"": 2.0, ""class_weight"": ""balanced"", ""l1_ratio"": null, ""max_iter"": 500, ""penalty"": ""l1"", ""solver"": ""saga""}",68.3
0.9796296296296296,0.977859778597786,0.9814814814814816,0.9796672828096118,0.9796295597721528,0.9796362090014952,0.9796296296296296,0.9796295597721528,0.998858024691358,0.9988924125241868,0.9592658386085616,0.9796296296296296,530,12,10,528,1080,owa_nogap,T3,7,0.9846200351693573,18,0.9825737452038468,0.0022600914706074,True,1.0,0.002906462394235,0.0203327171903882,"{""C"": 2.0, ""class_weight"": ""balanced"", ""l1_ratio"": null, ""max_iter"": 500, ""penalty"": ""l1"", ""solver"": ""saga""}",987.0
0.9796296296296296,0.977859778597786,0.9814814814814816,0.9796672828096118,0.9796295597721528,0.9796362090014952,0.9796296296296296,0.9796295597721528,0.998858024691358,0.9988924125241868,0.9592658386085616,0.9796296296296296,530,12,10,528,1080,mean_gap,T3,7,0.9822134284094316,18,0.9825737452038468,0.0022600914706074,True,1.0,0.002906462394235,0.0203327171903882,"{""C"": 2.0, ""class_weight"": ""balanced"", ""l1_ratio"": null, ""max_iter"": 500, ""penalty"": ""l1"", ""solver"": ""saga""}",981.3
0.9777777777777776,0.9760147601476016,0.9796296296296296,0.977818853974122,0.9777777015696212,0.9777843317466632,0.9777777777777776,0.9777777015696212,0.998329903978052,0.9984116431069224,0.955562109501965,0.977777777777778,529,13,11,527,1080,f1_cv,T3,7,0.9833156122110998,21,0.9833156122110998,0.0020642250428857,True,1.0,0.0054967582369777,0.0221811460258779,"{""C"": 1.0, ""class_weight"": null, ""l1_ratio"": null, ""max_iter"": 1000, ""penalty"": ""l1"", ""solver"": ""saga""}",1222.0
0.9861111111111112,0.9775280898876404,0.9666666666666668,0.9720670391061452,0.981412447464348,0.9860794394460798,0.9861111111111112,0.9860851516434492,0.999238683127572,0.9977524830819025,0.962851891632184,0.9796296296296296,174,4,6,536,720,owa_gap,T1,123,0.955924725819798,24,0.9637540271106404,0.0137853172333709,True,1.0,-0.0083130119955049,0.0279329608938547,"{""C"": 1.0, ""class_weight"": null, ""l1_ratio"": null, ""max_iter"": 500, ""penalty"": ""l1"", ""solver"": ""saga""}",45.3
0.9861111111111112,0.9775280898876404,0.9666666666666668,0.9720670391061452,0.981412447464348,0.9860794394460798,0.9861111111111112,0.9860851516434492,0.9989609053497942,0.9969761844230568,0.962851891632184,0.9796296296296296,174,4,6,536,720,owa_nogap,T1,123,0.9708678663576848,28,0.9659141469725384,0.0105582980453855,True,1.0,-0.0061528921336067,0.0279329608938547,"{""C"": 1.0, ""class_weight"": null, ""l1_ratio"": null, ""max_iter"": 1000, ""penalty"": ""l1"", ""solver"": ""saga""}",1149.5
0.9819444444444444,0.9513513513513514,0.9777777777777776,0.9643835616438357,0.9761452691940108,0.982230361202324,0.9819444444444444,0.9820261229690984,0.998148148148148,0.9945257472584068,0.9524539237611984,0.9805555555555556,176,9,4,531,720,mean_gap,T1,123,0.9699229080076002,20,0.95828367386854,0.0111552164938536,True,0.995260663507109,-0.0060998877752956,0.0308771018632733,"{""C"": 0.3, ""class_weight"": ""balanced"", ""l1_ratio"": null, ""max_iter"": 500, ""penalty"": ""l1"", ""solver"": ""saga""}",660.8
0.9861111111111112,0.994186046511628,0.95,0.9715909090909092,0.9811998663101604,0.9862289933797318,0.9861111111111112,0.986004344919786,0.9988374485596708,0.9967385861460966,0.962841566800588,0.974074074074074,171,1,9,539,720,f1_cv,T1,123,0.9702442084432504,24,0.9702442084432504,0.0135118391136666,True,1.0,-0.0013467006476585,0.0284090909090909,"{""C"": 1.0, ""class_weight"": null, ""l1_ratio"": null, ""max_iter"": 2000, ""penalty"": ""l2"", ""solver"": ""lbfgs""}",486.3
0.9722222222222222,0.9722222222222222,0.9722222222222222,0.9722222222222222,0.9722222222222222,0.9722222222222222,0.9722222222222222,0.9722222222222222,0.9958333333333332,0.9959534940782028,0.9444444444444444,0.9722222222222222,175,5,5,175,360,owa_gap,T1b,123,0.9705933565206306,19,0.983299975115306,0.0086866431619915,True,1.0,0.0110777528930836,0.0277777777777777,"{""C"": 0.5, ""class_weight"": ""balanced"", ""l1_ratio"": null, ""max_iter"": 1000, ""penalty"": ""l2"", ""solver"": ""liblinear""}",0.5
0.9722222222222222,0.9722222222222222,0.9722222222222222,0.9722222222222222,0.9722222222222222,0.9722222222222222,0.9722222222222222,0.9722222222222222,0.9958333333333332,0.9959534940782028,0.9444444444444444,0.9722222222222222,175,5,5,175,360,owa_nogap,T1b,123,0.9790135602393945,17,0.983299975115306,0.0086866431619915,True,1.0,0.0110777528930836,0.0277777777777777,"{""C"": 0.5, ""class_weight"": ""balanced"", ""l1_ratio"": null, ""max_iter"": 1000, ""penalty"": ""l2"", ""solver"": ""liblinear""}",270.2
0.9722222222222222,0.9722222222222222,0.9722222222222222,0.9722222222222222,0.9722222222222222,0.9722222222222222,0.9722222222222222,0.9722222222222222,0.9960493827160496,0.9961513685258192,0.9444444444444444,0.9722222222222222,175,5,5,175,360,mean_gap,T1b,123,0.9809640465145688,21,0.983299975115306,0.0086866431619915,True,1.0,0.0110777528930836,0.0277777777777777,"{""C"": 2.0, ""class_weight"": ""balanced"", ""l1_ratio"": null, ""max_iter"": 2000, ""penalty"": ""l2"", ""solver"": ""lbfgs""}",283.0
0.9722222222222222,0.9722222222222222,0.9722222222222222,0.9722222222222222,0.9722222222222222,0.9722222222222222,0.9722222222222222,0.9722222222222222,0.9959567901234568,0.9960674764572304,0.9444444444444444,0.9722222222222222,175,5,5,175,360,f1_cv,T1b,123,0.983299975115306,19,0.983299975115306,0.0086866431619915,True,1.0,0.0110777528930836,0.0277777777777777,"{""C"": 0.3, ""class_weight"": ""balanced"", ""l1_ratio"": null, ""max_iter"": 2000, ""penalty"": ""l2"", ""solver"": ""saga""}",205.9
0.998148148148148,0.9972222222222222,0.9972222222222222,0.9972222222222222,0.9979166666666668,0.998148148148148,0.998148148148148,0.998148148148148,0.9999845679012346,0.9999694749694747,0.9958333333333332,0.9979166666666668,359,1,1,719,1080,owa_gap,T2,123,0.9894396340530192,21,0.9922845519800452,0.0040413202531708,True,1.0,-0.0049376702421771,0.0027777777777777,"{""C"": 0.5, ""class_weight"": ""balanced"", ""l1_ratio"": null, ""max_iter"": 2000, ""penalty"": ""l2"", ""solver"": ""lbfgs""}",6.4
0.998148148148148,0.9972222222222222,0.9972222222222222,0.9972222222222222,0.9979166666666668,0.998148148148148,0.998148148148148,0.998148148148148,0.9999845679012346,0.9999694749694747,0.9958333333333332,0.9979166666666668,359,1,1,719,1080,owa_nogap,T2,123,0.9923922848436368,21,0.9922845519800452,0.0040413202531708,True,1.0,-0.0049376702421771,0.0027777777777777,"{""C"": 0.5, ""class_weight"": ""balanced"", ""l1_ratio"": null, ""max_iter"": 2000, ""penalty"": ""l2"", ""solver"": ""lbfgs""}",1285.7
0.998148148148148,0.9972222222222222,0.9972222222222222,0.9972222222222222,0.9979166666666668,0.998148148148148,0.998148148148148,0.998148148148148,0.9999845679012346,0.9999694749694747,0.9958333333333332,0.9979166666666668,359,1,1,719,1080,mean_gap,T2,123,0.9936816042213148,22,0.9922845519800452,0.0040413202531708,True,1.0,-0.0049376702421771,0.0027777777777777,"{""C"": 0.5, ""class_weight"": ""balanced"", ""l1_ratio"": null, ""max_iter"": 2000, ""penalty"": ""l2"", ""solver"": ""lbfgs""}",1444.5
0.9962962962962963,0.9944444444444444,0.9944444444444444,0.9944444444444444,0.9958333333333332,0.9962962962962963,0.9962962962962963,0.9962962962962963,0.9999729938271604,0.99994655889905,0.9916666666666668,0.9958333333333332,358,2,2,718,1080,f1_cv,T2,123,0.9922845519800452,17,0.9922845519800452,0.0040413202531708,True,1.0,-0.0021598924643994,0.0055555555555555,"{""C"": 0.3, ""class_weight"": ""balanced"", ""l1_ratio"": null, ""max_iter"": 1000, ""penalty"": ""l2"", ""solver"": ""lbfgs""}",1034.8
0.9805555555555556,0.9850467289719628,0.975925925925926,0.9804651162790696,0.980555138784696,0.9805967589813944,0.9805555555555556,0.980555138784696,0.9979183813443072,0.99816184360829,0.9611523136537794,0.9805555555555556,527,8,13,532,1080,owa_gap,T3,123,0.971159771692977,20,0.978175415830598,0.0098932854586469,True,0.9912698412698412,-0.0022897004484716,0.0108047249907715,"{""C"": 0.01, ""class_weight"": null, ""l1_ratio"": null, ""max_iter"": 1000, ""penalty"": ""l2"", ""solver"": ""saga""}",18.1
0.9833333333333332,0.9851301115241636,0.9814814814814816,0.9833024118738404,0.983333276177216,0.9833399635111592,0.9833333333333332,0.983333276177216,0.998727709190672,0.9988010014970116,0.9666732968217552,0.9833333333333334,530,8,10,532,1080,owa_nogap,T3,123,0.9793059704948116,23,0.9790350253851337,0.0084114430076073,True,1.0,-0.0042673864887068,0.0166975881261595,"{""C"": 1.0, ""class_weight"": ""balanced"", ""l1_ratio"": null, ""max_iter"": 500, ""penalty"": ""l2"", ""solver"": ""liblinear""}",691.3
0.9805555555555556,0.9850467289719628,0.975925925925926,0.9804651162790696,0.980555138784696,0.9805967589813944,0.9805555555555556,0.980555138784696,0.9979183813443072,0.99816184360829,0.9611523136537794,0.9805555555555556,527,8,13,532,1080,mean_gap,T3,123,0.9800904793942607,21,0.978175415830598,0.0098932854586469,True,0.9912698412698412,-0.0022897004484716,0.0108047249907715,"{""C"": 0.01, ""class_weight"": null, ""l1_ratio"": null, ""max_iter"": 1000, ""penalty"": ""l2"", ""solver"": ""saga""}",847.6
0.9796296296296296,0.977859778597786,0.9814814814814815,0.9796672828096118,0.9796295597721528,0.9796362090014952,0.9796296296296296,0.9796295597721529,0.9977914951989026,0.9978750324738263,0.9592658386085617,0.9796296296296296,530,12,10,528,1080,f1_cv,T3,123,0.9797648443853337,24,0.9797648443853337,0.008398878509896927,True,0.9992069785884219,9.756157572193835e-05,0.019539695778810096,"{""C"": 0.5, ""class_weight"": ""balanced"", ""l1_ratio"": null, ""max_iter"": 2000, ""penalty"": ""l1"", ""solver"": ""liblinear""}",865.9
