accuracy,precision_pos,recall_pos,f1_pos,f1_macro,precision_w,recall_w,f1_w,roc_auc,pr_auc,mcc,bal_acc,TP,FP,FN,TN,n_test,task,seed,strategy,variant,cv_fitness,n_models,seconds,params,params_fitted,source_file,job
0.9847222222222224,0.9617486338797814,0.9777777777777776,0.9696969696969696,0.9797417067612052,0.9848505662911744,0.9847222222222224,0.9847640752933232,0.9962448559670782,0.98689025405186,0.959542926378968,0.9824074074074074,176,7,4,533,720,T1,42,HGS,main,0.9668580299057468,20,1388.9,"{""C"": 0.3, ""penalty"": ""l1"", ""solver"": ""saga"", ""class_weight"": ""balanced"", ""max_iter"": 2000, ""l1_ratio"": 0.5}","{""C"": 0.3, ""class_weight"": ""balanced"", ""l1_ratio"": null, ""max_iter"": 2000, ""penalty"": ""l1"", ""solver"": ""saga""}",results_raw.csv,
0.9763888888888888,0.9502762430939228,0.9555555555555556,0.9529085872576176,0.9685766291246384,0.9764373353560408,0.9763888888888888,0.9764106500581486,0.9956790123456788,0.98799224521438,0.9371598235828468,0.9694444444444444,172,9,8,531,720,T1,42,Random,main,0.9648704004364556,20,1917.3,"{""C"": 2.0, ""penalty"": ""l1"", ""solver"": ""saga"", ""class_weight"": null, ""max_iter"": 2000, ""l1_ratio"": 0.1}","{""C"": 2.0, ""class_weight"": null, ""l1_ratio"": null, ""max_iter"": 2000, ""penalty"": ""l1"", ""solver"": ""saga""}",results_raw.csv,
0.9833333333333332,0.9565217391304348,0.9777777777777776,0.967032967032967,0.9779402753380448,0.9835334198572354,0.9833333333333332,0.9833939294905838,0.9962551440329218,0.9869784417094536,0.955985730690134,0.9814814814814814,176,8,4,532,720,T1,42,Grid,main,0.967283615703971,336,23418.5,"{""C"": 0.3, ""penalty"": ""l1"", ""solver"": ""saga"", ""class_weight"": ""balanced"", ""max_iter"": 1000, ""l1_ratio"": 0.1}","{""C"": 0.3, ""class_weight"": ""balanced"", ""l1_ratio"": null, ""max_iter"": 1000, ""penalty"": ""l1"", ""solver"": ""saga""}",results_raw.csv,
0.9847222222222224,0.9617486338797814,0.9777777777777776,0.9696969696969696,0.9797417067612052,0.9848505662911744,0.9847222222222224,0.9847640752933232,0.9972427983539094,0.993772513679006,0.959542926378968,0.9824074074074074,176,7,4,533,720,T1,7,HGS,main,0.9515500452434928,28,1490.5,"{""C"": 0.1, ""penalty"": ""l1"", ""solver"": ""liblinear"", ""class_weight"": null, ""max_iter"": 1000, ""l1_ratio"": 0.9}","{""C"": 0.1, ""class_weight"": null, ""l1_ratio"": null, ""max_iter"": 1000, ""penalty"": ""l1"", ""solver"": ""liblinear""}",results_raw.csv,
0.9805555555555556,0.9662921348314608,0.9555555555555556,0.9608938547486032,0.9739774264500872,0.980502923006758,0.9805555555555556,0.9805192123008292,0.9972325102880658,0.9936906334678934,0.947981592147517,0.9722222222222224,172,6,8,534,720,T1,7,Random,main,0.9540354465876546,28,1677.1,"{""C"": 0.3, ""penalty"": ""l1"", ""solver"": ""saga"", ""class_weight"": null, ""max_iter"": 1000, ""l1_ratio"": 0.1}","{""C"": 0.3, ""class_weight"": null, ""l1_ratio"": null, ""max_iter"": 1000, ""penalty"": ""l1"", ""solver"": ""saga""}",results_raw.csv,
0.9861111111111112,0.9775280898876404,0.9666666666666668,0.9720670391061452,0.981412447464348,0.9860794394460798,0.9861111111111112,0.9860851516434492,0.999238683127572,0.9977524830819025,0.962851891632184,0.9796296296296296,174,4,6,536,720,T1,123,HGS,main,0.955924725819798,24,1149.3,"{""C"": 1.0, ""penalty"": ""l1"", ""solver"": ""saga"", ""class_weight"": null, ""max_iter"": 500, ""l1_ratio"": 0.5}","{""C"": 1.0, ""class_weight"": null, ""l1_ratio"": null, ""max_iter"": 500, ""penalty"": ""l1"", ""solver"": ""saga""}",results_raw.csv,
0.9833333333333332,0.9719101123595506,0.9611111111111112,0.9664804469273744,0.9776949369572177,0.983291181226419,0.9833333333333332,0.9833021819721394,0.9987962962962964,0.996584082788498,0.9554167418898504,0.975925925925926,173,5,7,535,720,T1,123,Random,main,0.955537150827178,24,1318.0,"{""C"": 1.0, ""penalty"": ""l1"", ""solver"": ""lbfgs"", ""class_weight"": ""balanced"", ""max_iter"": 2000, ""l1_ratio"": 0.1}","{""C"": 1.0, ""class_weight"": ""balanced"", ""l1_ratio"": null, ""max_iter"": 2000, ""penalty"": ""l2"", ""solver"": ""lbfgs""}",results_raw.csv,
0.9777777777777776,0.9725274725274724,0.9833333333333332,0.9779005524861878,0.977777091885552,0.9778367699716014,0.9777777777777776,0.9777770918855518,0.9975925925925926,0.9976514377837504,0.95561454592852,0.9777777777777776,177,5,3,175,360,T1b,42,HGS,main,0.9620946122194484,19,117.4,"{""C"": 0.5, ""penalty"": ""elasticnet"", ""solver"": ""liblinear"", ""class_weight"": null, ""max_iter"": 500, ""l1_ratio"": 0.1}","{""C"": 0.5, ""class_weight"": null, ""l1_ratio"": null, ""max_iter"": 500, ""penalty"": ""l2"", ""solver"": ""lbfgs""}",results_raw.csv,
0.9805555555555556,0.9779005524861878,0.9833333333333332,0.9806094182825484,0.9805554055201042,0.9805703879749376,0.9805555555555556,0.9805554055201042,0.9984876543209876,0.9985417495848028,0.9611259434160436,0.9805555555555556,177,4,3,176,360,T1b,42,Random,main,0.9693797317491074,19,876.6,"{""C"": 2.0, ""penalty"": ""l1"", ""solver"": ""saga"", ""class_weight"": ""balanced"", ""max_iter"": 1000, ""l1_ratio"": 0.1}","{""C"": 2.0, ""class_weight"": ""balanced"", ""l1_ratio"": null, ""max_iter"": 1000, ""penalty"": ""l1"", ""solver"": ""saga""}",results_raw.csv,
0.9833333333333332,0.9833333333333332,0.9833333333333332,0.9833333333333332,0.9833333333333332,0.9833333333333332,0.9833333333333332,0.9833333333333332,0.9985185185185184,0.998574585932586,0.9666666666666668,0.9833333333333332,177,3,3,177,360,T1b,42,Grid,main,0.9717045395288292,336,10014.5,"{""C"": 1.0, ""penalty"": ""elasticnet"", ""solver"": ""saga"", ""class_weight"": null, ""max_iter"": 500, ""l1_ratio"": 0.9}","{""C"": 1.0, ""class_weight"": null, ""l1_ratio"": 0.9, ""max_iter"": 500, ""penalty"": ""elasticnet"", ""solver"": ""saga""}",results_raw.csv,
0.9861111111111112,0.988826815642458,0.9833333333333332,0.9860724233983288,0.9861110039429316,0.9861261150035496,0.9861111111111112,0.9861110039429316,0.9993518518518518,0.9993756787874436,0.972237225998888,0.9861111111111112,177,2,3,178,360,T1b,7,HGS,main,0.971400589343418,20,670.7,"{""C"": 2.0, ""penalty"": ""l2"", ""solver"": ""saga"", ""class_weight"": ""balanced"", ""max_iter"": 2000, ""l1_ratio"": 0.9}","{""C"": 2.0, ""class_weight"": ""balanced"", ""l1_ratio"": null, ""max_iter"": 2000, ""penalty"": ""l2"", ""solver"": ""saga""}",results_raw.csv,
0.9861111111111112,0.988826815642458,0.9833333333333332,0.9860724233983288,0.9861110039429316,0.9861261150035496,0.9861111111111112,0.9861110039429316,0.999351851851852,0.9993741314193108,0.972237225998888,0.9861111111111112,177,2,3,178,360,T1b,7,Random,main,0.973593754015454,20,550.8,"{""C"": 1.0, ""penalty"": ""elasticnet"", ""solver"": ""saga"", ""class_weight"": ""balanced"", ""max_iter"": 500, ""l1_ratio"": 0.1}","{""C"": 1.0, ""class_weight"": ""balanced"", ""l1_ratio"": 0.1, ""max_iter"": 500, ""penalty"": ""elasticnet"", ""solver"": ""saga""}",results_raw.csv,
0.9722222222222222,0.9722222222222222,0.9722222222222222,0.9722222222222222,0.9722222222222222,0.9722222222222222,0.9722222222222222,0.9722222222222222,0.9958333333333332,0.9959534940782028,0.9444444444444444,0.9722222222222222,175,5,5,175,360,T1b,123,HGS,main,0.9705933565206306,19,265.3,"{""C"": 0.5, ""penalty"": ""l2"", ""solver"": ""liblinear"", ""class_weight"": ""balanced"", ""max_iter"": 1000, ""l1_ratio"": 0.5}","{""C"": 0.5, ""class_weight"": ""balanced"", ""l1_ratio"": null, ""max_iter"": 1000, ""penalty"": ""l2"", ""solver"": ""liblinear""}",results_raw.csv,
0.9722222222222222,0.9722222222222222,0.9722222222222222,0.9722222222222222,0.9722222222222222,0.9722222222222222,0.9722222222222222,0.9722222222222222,0.9957407407407408,0.995872203795832,0.9444444444444444,0.9722222222222222,175,5,5,175,360,T1b,123,Random,main,0.9706013470884742,19,404.1,"{""C"": 1.0, ""penalty"": ""l2"", ""solver"": ""liblinear"", ""class_weight"": null, ""max_iter"": 500, ""l1_ratio"": 0.1}","{""C"": 1.0, ""class_weight"": null, ""l1_ratio"": null, ""max_iter"": 500, ""penalty"": ""l2"", ""solver"": ""liblinear""}",results_raw.csv,
0.9944444444444444,0.9916666666666668,0.9916666666666668,0.9916666666666668,0.99375,0.9944444444444444,0.9944444444444444,0.9944444444444444,0.999891975308642,0.9997868055039784,0.9875,0.99375,357,3,3,717,1080,T2,42,HGS,main,0.9919130398072856,17,985.7,"{""C"": 0.3, ""penalty"": ""elasticnet"", ""solver"": ""liblinear"", ""class_weight"": ""balanced"", ""max_iter"": 1000, ""l1_ratio"": 0.1}","{""C"": 0.3, ""class_weight"": ""balanced"", ""l1_ratio"": null, ""max_iter"": 1000, ""penalty"": ""l2"", ""solver"": ""lbfgs""}",results_T2_seed42.csv,T2_seed42
0.9953703703703703,0.9944289693593314,0.9916666666666668,0.9930458970792768,0.9947880422245794,0.9953690646824216,0.9953703703703703,0.9953687572730135,0.9998881172839508,0.9997774539243418,0.9895782450204258,0.9944444444444444,357,2,3,718,1080,T2,42,Random,main,0.9918993055656982,17,3675.3,"{""C"": 0.1, ""penalty"": ""l2"", ""solver"": ""saga"", ""class_weight"": null, ""max_iter"": 2000, ""l1_ratio"": 0.1}","{""C"": 0.1, ""class_weight"": null, ""l1_ratio"": null, ""max_iter"": 2000, ""penalty"": ""l2"", ""solver"": ""saga""}",results_T2_seed42.csv,T2_seed42
0.9953703703703703,0.9944289693593314,0.9916666666666668,0.9930458970792768,0.9947880422245794,0.9953690646824216,0.9953703703703703,0.9953687572730135,0.9998726851851852,0.9997534265619372,0.9895782450204258,0.9944444444444444,357,2,3,718,1080,T2,7,HGS,main,0.990197103481866,20,1444.8,"{""C"": 0.5, ""penalty"": ""l2"", ""solver"": ""saga"", ""class_weight"": ""balanced"", ""max_iter"": 1000, ""l1_ratio"": 0.9}","{""C"": 0.5, ""class_weight"": ""balanced"", ""l1_ratio"": null, ""max_iter"": 1000, ""penalty"": ""l2"", ""solver"": ""saga""}",results_T2_seeds7_123.csv,T2_seeds7_123
0.9953703703703703,0.9944289693593314,0.9916666666666668,0.9930458970792768,0.9947880422245794,0.9953690646824216,0.9953703703703703,0.9953687572730135,0.9998726851851852,0.9997532457092116,0.9895782450204258,0.9944444444444444,357,2,3,718,1080,T2,7,Random,main,0.9901967659926376,20,1510.8,"{""C"": 0.3, ""penalty"": ""l2"", ""solver"": ""saga"", ""class_weight"": ""balanced"", ""max_iter"": 1000, ""l1_ratio"": 0.1}","{""C"": 0.3, ""class_weight"": ""balanced"", ""l1_ratio"": null, ""max_iter"": 1000, ""penalty"": ""l2"", ""solver"": ""saga""}",results_T2_seeds7_123.csv,T2_seeds7_123
0.998148148148148,0.9972222222222222,0.9972222222222222,0.9972222222222222,0.9979166666666668,0.998148148148148,0.998148148148148,0.998148148148148,0.9999845679012346,0.9999694749694747,0.9958333333333332,0.9979166666666668,359,1,1,719,1080,T2,123,HGS,main,0.9894396340530192,21,1293.4,"{""C"": 0.5, ""penalty"": ""l2"", ""solver"": ""lbfgs"", ""class_weight"": ""balanced"", ""max_iter"": 2000, ""l1_ratio"": 0.1}","{""C"": 0.5, ""class_weight"": ""balanced"", ""l1_ratio"": null, ""max_iter"": 2000, ""penalty"": ""l2"", ""solver"": ""lbfgs""}",results_T2_seeds7_123.csv,T2_seeds7_123
0.9972222222222222,0.994459833795014,0.9972222222222222,0.9958391123439668,0.996877165622991,0.997226064208908,0.9972222222222222,0.9972231833826656,0.9999845679012346,0.999969474969475,0.993756490865582,0.9972222222222222,359,2,1,718,1080,T2,123,Random,main,0.9891302999940104,21,1320.5,"{""C"": 0.5, ""penalty"": ""l2"", ""solver"": ""saga"", ""class_weight"": ""balanced"", ""max_iter"": 2000, ""l1_ratio"": 0.1}","{""C"": 0.5, ""class_weight"": ""balanced"", ""l1_ratio"": null, ""max_iter"": 2000, ""penalty"": ""l2"", ""solver"": ""saga""}",results_T2_seeds7_123.csv,T2_seeds7_123
0.9944444444444444,0.988950276243094,0.9944444444444444,0.9916897506925209,0.9937586444700436,0.9944597485341418,0.9944444444444444,0.9944482757292176,0.9998958333333332,0.999794951861698,0.987525885579859,0.9944444444444444,358,4,2,716,1080,T2,42,Grid,main,0.9919512682697618,336,48519.0,"{""C"": 0.3, ""penalty"": ""elasticnet"", ""solver"": ""saga"", ""class_weight"": ""balanced"", ""max_iter"": 2000, ""l1_ratio"": 0.1}","{""C"": 0.3, ""class_weight"": ""balanced"", ""l1_ratio"": 0.1, ""max_iter"": 2000, ""penalty"": ""elasticnet"", ""solver"": ""saga""}",results_T2_grid.csv,T2_grid
0.9833333333333332,0.9833333333333332,0.9833333333333332,0.9833333333333332,0.9833333333333332,0.9833333333333332,0.9833333333333332,0.9833333333333332,0.9954423868312756,0.9957815136295988,0.9666666666666668,0.9833333333333332,531,9,9,531,1080,T3,42,HGS,main,0.9791301044072958,18,239.1,"{""C"": 1.0, ""penalty"": ""elasticnet"", ""solver"": ""liblinear"", ""class_weight"": null, ""max_iter"": 500, ""l1_ratio"": 0.5}","{""C"": 1.0, ""class_weight"": null, ""l1_ratio"": null, ""max_iter"": 500, ""penalty"": ""l2"", ""solver"": ""lbfgs""}",results_T3.csv,T3
0.9805555555555556,0.9814471243042672,0.9796296296296296,0.9805375347544022,0.9805555388850642,0.9805572035569396,0.9805555555555556,0.9805555388850642,0.994684499314129,0.994865286298604,0.961112759111082,0.9805555555555556,529,10,11,530,1080,T3,42,Random,main,0.9816389949633184,18,1598.9,"{""C"": 2.0, ""penalty"": ""l1"", ""solver"": ""saga"", ""class_weight"": ""balanced"", ""max_iter"": 1000, ""l1_ratio"": 0.1}","{""C"": 2.0, ""class_weight"": ""balanced"", ""l1_ratio"": null, ""max_iter"": 1000, ""penalty"": ""l1"", ""solver"": ""saga""}",results_T3.csv,T3
0.9796296296296296,0.977859778597786,0.9814814814814816,0.9796672828096118,0.9796295597721528,0.9796362090014952,0.9796296296296296,0.9796295597721528,0.998858024691358,0.9988924125241868,0.9592658386085616,0.9796296296296296,530,12,10,528,1080,T3,7,HGS,main,0.977271619497316,18,907.8,"{""C"": 2.0, ""penalty"": ""l1"", ""solver"": ""saga"", ""class_weight"": ""balanced"", ""max_iter"": 500, ""l1_ratio"": 0.5}","{""C"": 2.0, ""class_weight"": ""balanced"", ""l1_ratio"": null, ""max_iter"": 500, ""penalty"": ""l1"", ""solver"": ""saga""}",results_T3.csv,T3
0.9787037037037036,0.977818853974122,0.9796296296296296,0.9787234042553192,0.9787036854455464,0.978705345354408,0.9787037037037036,0.9787036854455466,0.9984156378600824,0.9984928605329856,0.957409049056704,0.9787037037037036,529,12,11,528,1080,T3,7,Random,main,0.97592413157879,18,1141.6,"{""C"": 1.0, ""penalty"": ""elasticnet"", ""solver"": ""saga"", ""class_weight"": ""balanced"", ""max_iter"": 1000, ""l1_ratio"": 0.9}","{""C"": 1.0, ""class_weight"": ""balanced"", ""l1_ratio"": 0.9, ""max_iter"": 1000, ""penalty"": ""elasticnet"", ""solver"": ""saga""}",results_T3.csv,T3
0.9805555555555556,0.9850467289719628,0.975925925925926,0.9804651162790696,0.980555138784696,0.9805967589813944,0.9805555555555556,0.980555138784696,0.9979183813443072,0.99816184360829,0.9611523136537794,0.9805555555555556,527,8,13,532,1080,T3,123,HGS,main,0.971159771692977,20,783.5,"{""C"": 0.01, ""penalty"": ""l2"", ""solver"": ""saga"", ""class_weight"": null, ""max_iter"": 1000, ""l1_ratio"": 0.1}","{""C"": 0.01, ""class_weight"": null, ""l1_ratio"": null, ""max_iter"": 1000, ""penalty"": ""l2"", ""solver"": ""saga""}",results_T3.csv,T3
0.9805555555555556,0.9796672828096118,0.9814814814814816,0.9805735430157262,0.9805555388850642,0.9805572035569396,0.9805555555555556,0.9805555388850642,0.9971879286694102,0.9973446716369336,0.961112759111082,0.9805555555555556,530,11,10,529,1080,T3,123,Random,main,0.972284301810532,20,1079.2,"{""C"": 0.1, ""penalty"": ""elasticnet"", ""solver"": ""saga"", ""class_weight"": ""balanced"", ""max_iter"": 1000, ""l1_ratio"": 0.9}","{""C"": 0.1, ""class_weight"": ""balanced"", ""l1_ratio"": 0.9, ""max_iter"": 1000, ""penalty"": ""elasticnet"", ""solver"": ""saga""}",results_T3.csv,T3
0.9847222222222224,0.9617486338797814,0.9777777777777776,0.9696969696969696,0.9797417067612052,0.9848505662911744,0.9847222222222224,0.9847640752933232,0.9962448559670782,0.98689025405186,0.959542926378968,0.9824074074074074,176,7,4,533,720,T1,42,HGS,no_tag_correction,0.9668580299057468,20,1625.4,"{""C"": 0.3, ""penalty"": ""l1"", ""solver"": ""saga"", ""class_weight"": ""balanced"", ""max_iter"": 2000, ""l1_ratio"": 0.5}","{""C"": 0.3, ""class_weight"": ""balanced"", ""l1_ratio"": null, ""max_iter"": 2000, ""penalty"": ""l1"", ""solver"": ""saga""}",results_ablations.csv,ablations
0.9763888888888888,0.9405405405405406,0.9666666666666668,0.9534246575342464,0.9688053520229372,0.976723920181864,0.9763888888888888,0.9764956992672824,0.9947427983539094,0.9762181560725544,0.9377725530673844,0.973148148148148,174,11,6,529,720,T1,42,HGS,no_full_name,0.9540381332264356,19,477.3,"{""C"": 0.5, ""penalty"": ""l1"", ""solver"": ""liblinear"", ""class_weight"": ""balanced"", ""max_iter"": 2000, ""l1_ratio"": 0.9}","{""C"": 0.5, ""class_weight"": ""balanced"", ""l1_ratio"": null, ""max_iter"": 2000, ""penalty"": ""l1"", ""solver"": ""liblinear""}",results_ablations.csv,ablations
0.9777777777777776,0.9725274725274724,0.9833333333333332,0.9779005524861878,0.977777091885552,0.9778367699716014,0.9777777777777776,0.9777770918855518,0.9975925925925926,0.9976514377837504,0.95561454592852,0.9777777777777776,177,5,3,175,360,T1b,42,HGS,no_tag_correction,0.9620946122194484,19,129.0,"{""C"": 0.5, ""penalty"": ""elasticnet"", ""solver"": ""liblinear"", ""class_weight"": null, ""max_iter"": 500, ""l1_ratio"": 0.1}","{""C"": 0.5, ""class_weight"": null, ""l1_ratio"": null, ""max_iter"": 500, ""penalty"": ""l2"", ""solver"": ""lbfgs""}",results_ablations.csv,ablations
0.9777777777777776,0.9777777777777776,0.9777777777777776,0.9777777777777776,0.9777777777777776,0.9777777777777776,0.9777777777777776,0.9777777777777776,0.9962962962962962,0.996164382882638,0.9555555555555556,0.9777777777777776,176,4,4,176,360,T1b,42,HGS,no_full_name,0.9636933947227392,13,105.1,"{""C"": 0.1, ""penalty"": ""elasticnet"", ""solver"": ""lbfgs"", ""class_weight"": ""balanced"", ""max_iter"": 500, ""l1_ratio"": 0.1}","{""C"": 0.1, ""class_weight"": ""balanced"", ""l1_ratio"": null, ""max_iter"": 500, ""penalty"": ""l2"", ""solver"": ""lbfgs""}",results_ablations.csv,ablations
0.9944444444444444,0.9916666666666668,0.9916666666666668,0.9916666666666668,0.99375,0.9944444444444444,0.9944444444444444,0.9944444444444444,0.999891975308642,0.9997868055039784,0.9875,0.99375,357,3,3,717,1080,T2,42,HGS,no_tag_correction,0.9919130398072856,17,1004.4,"{""C"": 0.3, ""penalty"": ""elasticnet"", ""solver"": ""liblinear"", ""class_weight"": ""balanced"", ""max_iter"": 1000, ""l1_ratio"": 0.1}","{""C"": 0.3, ""class_weight"": ""balanced"", ""l1_ratio"": null, ""max_iter"": 1000, ""penalty"": ""l2"", ""solver"": ""lbfgs""}",results_ablations.csv,ablations
0.9935185185185184,0.9889196675900276,0.9916666666666668,0.9902912621359224,0.9927133864536456,0.9935249146950532,0.9935185185185184,0.99352076122622,0.9996720679012344,0.999313037998643,0.9854289225063732,0.9930555555555556,357,4,3,716,1080,T2,42,HGS,no_full_name,0.9871038745764216,13,407.0,"{""C"": 0.1, ""penalty"": ""elasticnet"", ""solver"": ""lbfgs"", ""class_weight"": ""balanced"", ""max_iter"": 500, ""l1_ratio"": 0.1}","{""C"": 0.1, ""class_weight"": ""balanced"", ""l1_ratio"": null, ""max_iter"": 500, ""penalty"": ""l2"", ""solver"": ""lbfgs""}",results_ablations.csv,ablations
