accuracy,precision_pos,recall_pos,f1_pos,f1_macro,precision_w,recall_w,f1_w,roc_auc,pr_auc,mcc,bal_acc,TP,FP,FN,TN,n_test,variant,task,seed,strategy,cv_fitness,n_models,n_train,seconds,params_fitted
0.9861111111111112,0.9852125693160814,0.987037037037037,0.9861239592969472,0.9861110992036172,0.986112778164534,0.9861111111111112,0.9861110992036174,0.9985528120713304,0.9985534499842053,0.972223889274216,0.9861111111111112,533,8,7,532,1080,V0,T3,1001,HGS,0.978829293568303,22,2520,1163.6,"{""C"": 0.5, ""class_weight"": ""balanced"", ""l1_ratio"": null, ""max_iter"": 2000, ""penalty"": ""l2"", ""solver"": ""lbfgs""}"
0.987037037037037,0.9888475836431226,0.9851851851851852,0.987012987012987,0.9870369925822792,0.9870437180208232,0.987037037037037,0.9870369925822792,0.9991700960219478,0.9991781954844324,0.9740807550349488,0.987037037037037,532,6,8,534,1080,V5,T3,1001,HGS,0.9813943538600228,21,2520,578.0,"{""C"": 0.05, ""class_weight"": ""balanced"", ""l1_ratio"": null, ""max_iter"": 500, ""penalty"": ""l2"", ""solver"": ""lbfgs""}"
0.9851851851851852,0.9924812030075189,0.9777777777777776,0.9850746268656716,0.9851843722563652,0.9852916963942704,0.9851851851851852,0.9851843722563652,0.997733196159122,0.9980462995148291,0.9704768757345776,0.9851851851851852,528,4,12,536,1080,V0,T3,1002,HGS,0.9797093087745952,20,2520,383.9,"{""C"": 0.1, ""class_weight"": null, ""l1_ratio"": null, ""max_iter"": 500, ""penalty"": ""l2"", ""solver"": ""lbfgs""}"
0.9898148148148148,0.994392523364486,0.9851851851851852,0.9897674418604652,0.9898145965062696,0.9898568121409586,0.9898148148148148,0.9898145965062696,0.9969821673525378,0.9969418317760392,0.9796716260555864,0.9898148148148148,532,3,8,537,1080,V5,T3,1002,HGS,0.981454468672612,20,2520,227.5,"{""C"": 0.1, ""class_weight"": null, ""l1_ratio"": null, ""max_iter"": 500, ""penalty"": ""l2"", ""solver"": ""lbfgs""}"
0.9916666666666668,0.9925788497217068,0.9907407407407408,0.9916589434661724,0.9916666595221704,0.9916683527721286,0.9916666666666668,0.99166665952217,0.9979252400548696,0.9985555675434408,0.9833350194373498,0.9916666666666668,535,4,5,536,1080,V0,T3,1003,HGS,0.976905022258233,25,2520,904.3,"{""C"": 0.1, ""class_weight"": null, ""l1_ratio"": null, ""max_iter"": 1000, ""penalty"": ""l2"", ""solver"": ""liblinear""}"
0.9916666666666668,0.994413407821229,0.9888888888888888,0.9916434540389972,0.991666602365759,0.9916818420321614,0.9916666666666668,0.9916666023657588,0.9981550068587106,0.9987109867251792,0.9833485085817324,0.9916666666666668,534,3,6,537,1080,V5,T3,1003,HGS,0.9815540735227756,20,2520,1035.8,"{""C"": 2.0, ""class_weight"": ""balanced"", ""l1_ratio"": null, ""max_iter"": 2000, ""penalty"": ""l2"", ""solver"": ""lbfgs""}"
0.9787037037037036,0.9760589318600368,0.9814814814814816,0.9787626962142196,0.978703539379162,0.9787184789654,0.9787037037037036,0.978703539379162,0.998014403292181,0.9981937391099748,0.9574221825550954,0.9787037037037036,530,13,10,527,1080,V0,T3,1004,HGS,0.973924280059711,21,2520,1040.1,"{""C"": 0.1, ""class_weight"": ""balanced"", ""l1_ratio"": null, ""max_iter"": 2000, ""penalty"": ""l1"", ""solver"": ""liblinear""}"
0.9879629629629628,0.9888682745825604,0.987037037037037,0.9879518072289156,0.9879629526431348,0.9879646363670658,0.9879629629629628,0.987962952643135,0.998936899862826,0.999067139964988,0.975927599328594,0.9879629629629628,533,6,7,534,1080,V5,T3,1004,HGS,0.9758320274652352,19,2520,1077.9,"{""C"": 0.5, ""class_weight"": null, ""l1_ratio"": 0.5, ""max_iter"": 500, ""penalty"": ""elasticnet"", ""solver"": ""saga""}"
0.9898148148148148,0.9907235621521336,0.9888888888888888,0.989805375347544,0.9898148060826526,0.9898164945695972,0.9898148148148148,0.9898148060826526,0.9989266117969822,0.998917358352376,0.979631309382972,0.9898148148148148,534,5,6,535,1080,V0,T3,1005,HGS,0.9727258754230808,24,2520,741.5,"{""C"": 0.05, ""class_weight"": null, ""l1_ratio"": null, ""max_iter"": 1000, ""penalty"": ""l2"", ""solver"": ""lbfgs""}"
0.9898148148148148,0.9962476547842402,0.9833333333333332,0.989748369058714,0.9898143869212612,0.9898971363500724,0.9898148148148148,0.9898143869212612,0.999454732510288,0.999448614693332,0.979711947706302,0.9898148148148148,531,2,9,538,1080,V5,T3,1005,HGS,0.9751518030000248,19,2520,356.0,"{""C"": 0.01, ""class_weight"": null, ""l1_ratio"": null, ""max_iter"": 500, ""penalty"": ""l2"", ""solver"": ""liblinear""}"
0.987037037037037,0.97992700729927,0.9944444444444444,0.9871323529411764,0.9870363257243197,0.9871439547774544,0.987037037037037,0.9870363257243197,0.998261316872428,0.998104047310976,0.9741809859473052,0.987037037037037,537,11,3,529,1080,V0,T3,1006,HGS,0.974265591340308,24,2520,1206.3,"{""C"": 1.0, ""class_weight"": null, ""l1_ratio"": null, ""max_iter"": 500, ""penalty"": ""l2"", ""solver"": ""saga""}"
0.9916666666666668,0.9871559633027523,0.9962962962962963,0.991705069124424,0.991666488050584,0.9917088227728714,0.9916666666666668,0.991666488050584,0.9967969821673524,0.9955648670333488,0.9833754885359476,0.9916666666666668,538,7,2,533,1080,V5,T3,1006,HGS,0.9770678787377224,22,2520,927.8,"{""C"": 2.0, ""class_weight"": null, ""l1_ratio"": null, ""max_iter"": 2000, ""penalty"": ""l2"", ""solver"": ""lbfgs""}"
0.987037037037037,0.9888475836431226,0.9851851851851852,0.987012987012987,0.9870369925822792,0.9870437180208232,0.987037037037037,0.9870369925822792,0.9989506172839506,0.9990368987370094,0.9740807550349488,0.987037037037037,532,6,8,534,1080,V0,T3,1007,HGS,0.9732484519564292,31,2520,1720.9,"{""C"": 0.3, ""class_weight"": null, ""l1_ratio"": 0.1, ""max_iter"": 500, ""penalty"": ""elasticnet"", ""solver"": ""saga""}"
0.9888888888888888,0.99438202247191,0.9833333333333332,0.988826815642458,0.988888545942776,0.9889492529941966,0.9888888888888888,0.988888545942776,0.9985356652949244,0.9987354208010532,0.977838140019881,0.9888888888888888,531,3,9,537,1080,V5,T3,1007,HGS,0.9771740348402916,28,2520,1472.8,"{""C"": 0.5, ""class_weight"": ""balanced"", ""l1_ratio"": 0.1, ""max_iter"": 500, ""penalty"": ""elasticnet"", ""solver"": ""saga""}"
0.9888888888888888,0.9888888888888888,0.9888888888888888,0.9888888888888888,0.9888888888888888,0.9888888888888888,0.9888888888888888,0.9888888888888888,0.998525377229081,0.998541230482219,0.9777777777777776,0.9888888888888888,534,6,6,534,1080,V0,T3,1008,HGS,0.977446365465026,22,2520,601.6,"{""C"": 0.3, ""class_weight"": null, ""l1_ratio"": null, ""max_iter"": 2000, ""penalty"": ""l2"", ""solver"": ""liblinear""}"
0.9888888888888888,0.9888888888888888,0.9888888888888888,0.9888888888888888,0.9888888888888888,0.9888888888888888,0.9888888888888888,0.9888888888888888,0.9978600823045268,0.9968775508799108,0.9777777777777776,0.9888888888888888,534,6,6,534,1080,V5,T3,1008,HGS,0.979762438140922,22,2520,495.9,"{""C"": 0.3, ""class_weight"": null, ""l1_ratio"": null, ""max_iter"": 2000, ""penalty"": ""l2"", ""solver"": ""liblinear""}"
0.9833333333333332,0.9869402985074628,0.9796296296296296,0.983271375464684,0.9833331047065116,0.983359855136084,0.9833333333333332,0.983333104706512,0.9978532235939644,0.9979655087189592,0.9666931881055968,0.9833333333333334,529,7,11,533,1080,V0,T3,1009,HGS,0.9719110603693782,19,2520,538.4,"{""C"": 0.01, ""class_weight"": null, ""l1_ratio"": null, ""max_iter"": 500, ""penalty"": ""l2"", ""solver"": ""lbfgs""}"
0.9851851851851852,0.9869888475836432,0.9833333333333332,0.9851576994434136,0.9851851343797476,0.9851918407659912,0.9851851851851852,0.9851851343797476,0.9988888888888888,0.9989208093719106,0.970377025928352,0.9851851851851852,531,7,9,533,1080,V5,T3,1009,HGS,0.975830898262752,19,2520,783.8,"{""C"": 0.3, ""class_weight"": null, ""l1_ratio"": 0.1, ""max_iter"": 500, ""penalty"": ""elasticnet"", ""solver"": ""saga""}"
0.9824074074074074,0.9851024208566108,0.9796296296296296,0.9823584029712163,0.9824072716610468,0.9824222969844748,0.9824074074074074,0.9824072716610468,0.9973079561042524,0.9971966244919196,0.9648297042769916,0.9824074074074074,529,8,11,532,1080,V0,T3,1010,HGS,0.9776080286544064,31,2520,1733.3,"{""C"": 1.0, ""class_weight"": ""balanced"", ""l1_ratio"": null, ""max_iter"": 1000, ""penalty"": ""l2"", ""solver"": ""liblinear""}"
0.9861111111111112,0.987012987012987,0.9851851851851852,0.9860982391102873,0.9861110992036173,0.9861127781645341,0.9861111111111112,0.9861110992036174,0.9975857338820302,0.9973086345428146,0.972223889274216,0.9861111111111112,532,7,8,533,1080,V5,T3,1010,HGS,0.9809705912514424,21,2520,872.9,"{""C"": 1.0, ""class_weight"": ""balanced"", ""l1_ratio"": null, ""max_iter"": 500, ""penalty"": ""l2"", ""solver"": ""saga""}"
