accuracy,precision_pos,recall_pos,f1_pos,f1_macro,precision_w,recall_w,f1_w,roc_auc,pr_auc,mcc,bal_acc,TP,FP,FN,TN,n_test,baseline,task,seed,cv_f1,params,seconds
0.9722222222222222,0.9347826086956522,0.9555555555555556,0.945054945054945,0.9632337922300748,0.9725016223231668,0.9722222222222222,0.9723232158176396,0.9932510288065844,0.9820798230985948,0.9265707851304376,0.9666666666666668,172,12,8,528,720,gulati_xgboost_three,T1,42,0.9543322340445736,"{""n_estimators"": 450, ""max_depth"": 8, ""learning_rate"": 0.14117132840521462, ""subsample"": 0.9337320701845011, ""colsample_bytree"": 0.6715437758235419, ""min_child_weight"": 7, ""gamma"": 0.09840856998955069, ""reg_lambda"": 0.004153153255836352}",84.0
0.9680555555555556,0.9289617486338798,0.9444444444444444,0.9366391184573004,0.9576417505007022,0.9682739567115426,0.9680555555555556,0.9681430665224032,0.9954526748971192,0.9878141097549628,0.9153413328413572,0.9601851851851853,170,13,10,527,720,gulati_catboost_three,T1,42,0.9543632599435784,"{""iterations"": 850, ""depth"": 8, ""learning_rate"": 0.0522251635106601, ""l2_leaf_reg"": 1.56506675842455, ""random_strength"": 4.5099196118793925}",4187.9
0.9763888888888888,0.9553072625698324,0.95,0.9526462395543176,0.9684600300454288,0.9763499210029016,0.9763888888888888,0.9763669252909845,0.99440329218107,0.9834133868477044,0.9369266726322548,0.9675925925925926,171,8,9,532,720,gulati_xgboost_extended,T1,42,0.9558613491107292,"{""n_estimators"": 300, ""max_depth"": 7, ""learning_rate"": 0.04345454109729477, ""subsample"": 0.7164916560792167, ""colsample_bytree"": 0.8059264473611898, ""min_child_weight"": 2, ""gamma"": 1.4607232426760908, ""reg_lambda"": 0.029204338471814112}",83.2
0.9708333333333332,0.9297297297297298,0.9555555555555556,0.9424657534246575,0.9614654348518636,0.9712174791614044,0.9708333333333332,0.9709652755654667,0.9959979423868311,0.9882419940465156,0.92309118237357,0.9657407407407408,172,13,8,527,720,gulati_catboost_extended,T1,42,0.9626833042526408,"{""iterations"": 650, ""depth"": 7, ""learning_rate"": 0.1305546020444252, ""l2_leaf_reg"": 1.069580936957926, ""random_strength"": 3.493799743950702}",3726.1
0.9796296296296296,0.977859778597786,0.9814814814814816,0.9796672828096118,0.9796295597721528,0.9796362090014952,0.9796296296296296,0.9796295597721528,0.9966975308641975,0.99732497223075,0.9592658386085616,0.9796296296296296,530,12,10,528,1080,gulati_xgboost_three,T3,42,0.9825943840969136,"{""n_estimators"": 400, ""max_depth"": 9, ""learning_rate"": 0.2413775534653281, ""subsample"": 0.8463458714656985, ""colsample_bytree"": 0.6081174933294178, ""min_child_weight"": 6, ""gamma"": 0.06788069271022712, ""reg_lambda"": 3.702183354186229}",87.1
0.9833333333333332,0.9833333333333332,0.9833333333333332,0.9833333333333332,0.9833333333333332,0.9833333333333332,0.9833333333333332,0.9833333333333332,0.9983607681755832,0.998483146188264,0.9666666666666668,0.9833333333333332,531,9,9,531,1080,gulati_catboost_three,T3,42,0.9833536577532442,"{""iterations"": 600, ""depth"": 8, ""learning_rate"": 0.08928110214216488, ""l2_leaf_reg"": 4.846771506107331, ""random_strength"": 1.645263989623948}",4688.8
0.9842592592592592,0.9851576994434136,0.9833333333333332,0.9842446709916588,0.9842592457640996,0.9842609199620026,0.9842592592592592,0.9842592457640994,0.997616598079561,0.9968679914604462,0.968520179219838,0.9842592592592592,531,8,9,532,1080,gulati_xgboost_extended,T3,42,0.979706827162348,"{""n_estimators"": 300, ""max_depth"": 9, ""learning_rate"": 0.2907852771625374, ""subsample"": 0.895111082977104, ""colsample_bytree"": 0.6164696834276729, ""min_child_weight"": 4, ""gamma"": 0.2863739781686234, ""reg_lambda"": 0.2517797302176815}",86.0
0.9851851851851852,0.9816176470588236,0.9888888888888888,0.985239852398524,0.9851849819613436,0.9852118086040386,0.9851851851851852,0.9851849819613436,0.9985322359396434,0.9984923884573486,0.9703969934240092,0.9851851851851852,534,10,6,530,1080,gulati_catboost_extended,T3,42,0.9824791568300928,"{""iterations"": 700, ""depth"": 7, ""learning_rate"": 0.20314990671846408, ""l2_leaf_reg"": 9.382030125908166, ""random_strength"": 4.863379758200038}",4257.8
0.9708333333333332,0.9392265193370166,0.9444444444444444,0.9418282548476454,0.9611828948010238,0.9708919730624546,0.9708333333333332,0.970860214777713,0.9957716049382715,0.989694323262036,0.9223722918497842,0.962037037037037,170,11,10,529,720,gulati_xgboost_three,T1,7,0.9499713556717488,"{""n_estimators"": 350, ""max_depth"": 4, ""learning_rate"": 0.04037521768080011, ""subsample"": 0.7025467819510085, ""colsample_bytree"": 0.9001239747515468, ""min_child_weight"": 1, ""gamma"": 0.4004146508951957, ""reg_lambda"": 0.002089375607231453}",80.0
0.9680555555555556,0.9243243243243244,0.95,0.936986301369863,0.9577954762663268,0.9684642586511748,0.9680555555555556,0.9682000637145588,0.9957510288065844,0.9883960150691272,0.915750497026663,0.962037037037037,171,14,9,526,720,gulati_catboost_three,T1,7,0.9522597492599704,"{""iterations"": 950, ""depth"": 8, ""learning_rate"": 0.01720277104171434, ""l2_leaf_reg"": 2.8701826357919344, ""random_strength"": 4.242521189736022}",5204.3
0.9722222222222222,0.9444444444444444,0.9444444444444444,0.9444444444444444,0.962962962962963,0.9722222222222222,0.9722222222222222,0.9722222222222222,0.9975102880658436,0.9932039651132676,0.925925925925926,0.962962962962963,170,10,10,530,720,gulati_xgboost_extended,T1,7,0.9510994711060928,"{""n_estimators"": 400, ""max_depth"": 8, ""learning_rate"": 0.059839508223670186, ""subsample"": 0.8627118316558497, ""colsample_bytree"": 0.5269771582328319, ""min_child_weight"": 4, ""gamma"": 2.359848803124667, ""reg_lambda"": 0.012058708307292663}",49.8
0.9763888888888888,0.9553072625698324,0.95,0.9526462395543176,0.9684600300454288,0.9763499210029016,0.9763888888888888,0.9763669252909845,0.9970884773662552,0.9921005678674016,0.9369266726322548,0.9675925925925926,171,8,9,532,720,gulati_catboost_extended,T1,7,0.9558501663819547,"{""iterations"": 850, ""depth"": 8, ""learning_rate"": 0.019181766636077416, ""l2_leaf_reg"": 1.4788882692593868, ""random_strength"": 3.1473126336553645}",5568.5
0.9777777777777776,0.9760147601476016,0.9796296296296296,0.977818853974122,0.9777777015696212,0.9777843317466632,0.9777777777777776,0.9777777015696212,0.9982887517146776,0.9983268775221052,0.955562109501965,0.977777777777778,529,13,11,527,1080,gulati_xgboost_three,T3,7,0.983362579772011,"{""n_estimators"": 750, ""max_depth"": 4, ""learning_rate"": 0.02379070267280191, ""subsample"": 0.8966738082067058, ""colsample_bytree"": 0.8187405244079607, ""min_child_weight"": 2, ""gamma"": 0.1922756122686966, ""reg_lambda"": 0.17669119476482098}",135.3
0.9824074074074074,0.9815157116451017,0.9833333333333332,0.9824236817761332,0.982407392324582,0.9824090617594712,0.9824074074074074,0.982407392324582,0.9986213991769548,0.9987054230544334,0.96481646916546,0.9824074074074074,531,10,9,530,1080,gulati_catboost_three,T3,7,0.985311356685646,"{""iterations"": 850, ""depth"": 7, ""learning_rate"": 0.24263323739068926, ""l2_leaf_reg"": 3.855329709653705, ""random_strength"": 3.4141933938753057}",4169.6
0.9833333333333332,0.978021978021978,0.9888888888888888,0.9834254143646408,0.983332818914164,0.9833930114828991,0.9833333333333332,0.983332818914164,0.998395061728395,0.9983870712982296,0.9667263429742006,0.9833333333333334,534,12,6,528,1080,gulati_xgboost_extended,T3,7,0.9789749053286072,"{""n_estimators"": 400, ""max_depth"": 3, ""learning_rate"": 0.08544387929710787, ""subsample"": 0.630395553710396, ""colsample_bytree"": 0.8036181888380821, ""min_child_weight"": 5, ""gamma"": 0.015407182231822525, ""reg_lambda"": 0.004517315559729681}",95.2
0.9861111111111112,0.9906542056074766,0.9814814814814816,0.986046511627907,0.9861108134176402,0.9861527908771328,0.9861111111111112,0.98611081341764,0.998775720164609,0.9988659630599036,0.9722639010948636,0.9861111111111112,530,5,10,535,1080,gulati_catboost_extended,T3,7,0.9801220694836992,"{""iterations"": 800, ""depth"": 7, ""learning_rate"": 0.18445376533504879, ""l2_leaf_reg"": 1.0315461672243194, ""random_strength"": 2.7421546106672086}",3384.7
0.9791666666666666,0.9608938547486032,0.9555555555555556,0.958217270194986,0.9721706147459668,0.9791328906742118,0.9791666666666666,0.9791472870214568,0.9962654320987654,0.9889894334799356,0.9443478739996388,0.9712962962962964,172,7,8,533,720,gulati_xgboost_three,T1,123,0.9505173756312824,"{""n_estimators"": 700, ""max_depth"": 7, ""learning_rate"": 0.07148297736427296, ""subsample"": 0.6059144174171477, ""colsample_bytree"": 0.5905671166436459, ""min_child_weight"": 6, ""gamma"": 2.928622648580467, ""reg_lambda"": 1.1898950682283655}",87.9
0.9736111111111112,0.9653179190751444,0.9277777777777778,0.9461756373937678,0.9643481682829004,0.9735049825110164,0.9736111111111112,0.9734344337274669,0.997880658436214,0.9937667173622908,0.9290259751502272,0.9583333333333334,167,6,13,534,720,gulati_catboost_three,T1,123,0.953459120065455,"{""iterations"": 900, ""depth"": 8, ""learning_rate"": 0.06295243102094655, ""l2_leaf_reg"": 4.777567390822636, ""random_strength"": 2.3985173890229663}",5624.8
0.9722222222222222,0.9597701149425288,0.9277777777777778,0.943502824858757,0.9625433092986236,0.9720853858784892,0.9722222222222222,0.9720635515185566,0.997335390946502,0.9921341879993768,0.9253273014730002,0.9574074074074076,167,7,13,533,720,gulati_xgboost_extended,T1,123,0.9482523854843204,"{""n_estimators"": 650, ""max_depth"": 3, ""learning_rate"": 0.016725774925048988, ""subsample"": 0.7576710291874478, ""colsample_bytree"": 0.6972461496952738, ""min_child_weight"": 3, ""gamma"": 1.2659431456493289, ""reg_lambda"": 0.6154823843415288}",102.3
0.9763888888888888,0.9710982658959536,0.9333333333333332,0.9518413597733713,0.9681009926741742,0.9763211843898936,0.9763888888888888,0.9762308091245756,0.9978600823045268,0.9937184216088274,0.9365332557575018,0.962037037037037,168,5,12,535,720,gulati_catboost_extended,T1,123,0.9543796502854855,"{""iterations"": 800, ""depth"": 7, ""learning_rate"": 0.07463184622455522, ""l2_leaf_reg"": 8.104486632460826, ""random_strength"": 3.8334680287895395}",5001.7
0.976851851851852,0.9813084112149532,0.9722222222222222,0.9767441860465116,0.9768513556960668,0.9768927377175683,0.976851851851852,0.976851355696067,0.998309327846365,0.9983326322856894,0.9537445886930568,0.976851851851852,525,10,15,530,1080,gulati_xgboost_three,T3,123,0.9817487689141996,"{""n_estimators"": 650, ""max_depth"": 4, ""learning_rate"": 0.10409581354846616, ""subsample"": 0.6514297979462114, ""colsample_bytree"": 0.7181600146052701, ""min_child_weight"": 6, ""gamma"": 1.5543181491318687, ""reg_lambda"": 0.003487784173730396}",91.4
0.9787037037037036,0.9868173258003766,0.9703703703703704,0.9785247432306255,0.9787022246915296,0.97883671390201,0.9787037037037036,0.9787022246915292,0.9989368998628256,0.998942653232376,0.957540408367611,0.9787037037037036,524,7,16,533,1080,gulati_catboost_three,T3,123,0.9837143913646728,"{""iterations"": 750, ""depth"": 6, ""learning_rate"": 0.11228110744192776, ""l2_leaf_reg"": 4.248758606724967, ""random_strength"": 2.2526075070043743}",5119.1
0.9796296296296296,0.9850187265917604,0.974074074074074,0.9795158286778398,0.9796290008950894,0.9796888504753674,0.9796296296296296,0.9796290008950892,0.9986694101508916,0.9986915192202976,0.9593184782770804,0.9796296296296296,526,8,14,532,1080,gulati_xgboost_extended,T3,123,0.98136377922561,"{""n_estimators"": 700, ""max_depth"": 3, ""learning_rate"": 0.11820731754071691, ""subsample"": 0.8931089137288322, ""colsample_bytree"": 0.6282245596133824, ""min_child_weight"": 5, ""gamma"": 0.8771699083421752, ""reg_lambda"": 1.6712944469802729}",86.1
0.9851851851851852,0.9943396226415094,0.975925925925926,0.9850467289719628,0.9851839149446968,0.9853516295025728,0.9851851851851852,0.9851839149446968,0.9990912208504802,0.999122042817187,0.9705368004153933,0.9851851851851852,527,3,13,537,1080,gulati_catboost_extended,T3,123,0.9820746459337836,"{""iterations"": 700, ""depth"": 8, ""learning_rate"": 0.11751907337909233, ""l2_leaf_reg"": 4.08341491438084, ""random_strength"": 3.6122169128511077}",4453.5
0.9611111111111112,0.9715909090909092,0.95,0.9606741573033708,,,,,0.985679012345679,,0.9224500157843532,,171,5,9,175,360,ayoobi_LR,T1b,42,,,
0.925,0.9371428571428572,0.9111111111111112,0.923943661971831,,,,,0.9740586419753088,,0.8503281219963945,,164,11,16,169,360,ayoobi_RF,T1b,42,,,
0.9555555555555556,0.9606741573033708,0.95,0.9553072625698324,,,,,0.9833950617283952,,0.9111673577457984,,171,7,9,173,360,ayoobi_SVM-linear,T1b,42,,,
0.8305555555555556,1.0,0.6611111111111111,0.7959866220735786,,,,,0.9860185185185186,,0.7026919194141615,,119,0,61,180,360,ayoobi_SVM-poly,T1b,42,,,
0.9638888888888888,0.9717514124293786,0.9555555555555556,0.9635854341736696,,,,,0.9909876543209876,,0.9279066626541066,,172,5,8,175,360,ayoobi_SVM-rbf,T1b,42,,,
0.9777777777777776,0.9725274725274724,0.9833333333333332,0.9779005524861878,,,,,0.9980555555555556,,0.95561454592852,,177,5,3,175,360,ayoobi_LR,T1b,7,,,
0.9416666666666668,0.9595375722543352,0.9222222222222224,0.9405099150141644,,,,,0.9891975308641976,,0.884002044595836,,166,7,14,173,360,ayoobi_RF,T1b,7,,,
0.975,0.9672131147540984,0.9833333333333332,0.975206611570248,,,,,0.9980246913580249,,0.9501319719392348,,177,6,3,174,360,ayoobi_SVM-linear,T1b,7,,,
0.8833333333333333,0.9928571428571428,0.7722222222222223,0.86875,,,,,0.9884567901234568,,0.7863279775715019,,139,1,41,179,360,ayoobi_SVM-poly,T1b,7,,,
0.9888888888888888,0.9835164835164836,0.9944444444444444,0.988950276243094,,,,,0.9987345679012344,,0.9778381400198812,,179,3,1,177,360,ayoobi_SVM-rbf,T1b,7,,,
0.9555555555555556,0.9555555555555556,0.9555555555555556,0.9555555555555556,,,,,0.9862962962962964,,0.9111111111111112,,172,8,8,172,360,ayoobi_LR,T1b,123,,,
0.9444444444444444,0.9444444444444444,0.9444444444444444,0.9444444444444444,,,,,0.987716049382716,,0.8888888888888888,,170,10,10,170,360,ayoobi_RF,T1b,123,,,
0.9583333333333334,0.9558011049723756,0.9611111111111112,0.9584487534626038,,,,,0.9837345679012346,,0.916680813084666,,173,8,7,172,360,ayoobi_SVM-linear,T1b,123,,,
0.8527777777777777,0.992248062015504,0.7111111111111111,0.8284789644012945,,,,,0.9787962962962964,,0.7357035910051775,,128,1,52,179,360,ayoobi_SVM-poly,T1b,123,,,
0.9666666666666667,0.9719101123595506,0.9611111111111111,0.9664804469273743,,,,,0.9923765432098764,,0.9333909518371593,,173,5,7,175,360,ayoobi_SVM-rbf,T1b,123,,,
