accuracy,precision_pos,recall_pos,f1_pos,f1_macro,precision_w,recall_w,f1_w,roc_auc,pr_auc,mcc,bal_acc,TP,FP,FN,TN,n_test,variant,task,seed,C,cv_f1,n_features,nonzero_coef,seconds
0.9805555555555556,0.9510869565217392,0.9722222222222222,0.9615384615384616,0.9742636545610524,0.9807754704737184,0.9805555555555556,0.9806262510723476,0.9954012345679012,0.98770528223136,0.94863199430021,0.9777777777777776,175,9,5,531,720,V0,T1,42,1.0,0.9662312484443089,783,145,0.6
0.9805555555555556,0.9510869565217392,0.9722222222222222,0.9615384615384616,0.9742636545610524,0.9807754704737184,0.9805555555555556,0.9806262510723476,0.9954012345679012,0.98770528223136,0.94863199430021,0.9777777777777776,175,9,5,531,720,V1,T1,42,1.0,0.9662312484443089,783,145,0.5
0.9805555555555556,0.946236559139785,0.9777777777777776,0.9617486338797814,0.974356626064658,0.9809411622568563,0.9805555555555556,0.9806606221570964,0.9962448559670782,0.9892408001053412,0.9489471630118752,0.9796296296296296,176,10,4,530,720,V2,T1,42,1.0,0.9595605435635232,783,143,0.6
0.9777777777777776,0.9408602150537636,0.9722222222222222,0.9562841530054644,0.9706932869310376,0.9781925818533284,0.9777777777777776,0.977897853893824,0.9956275720164608,0.9879690389572344,0.94161938569132,0.975925925925926,175,11,5,529,720,V3,T1,42,1.0,0.9562677355783902,783,135,0.5
0.9777777777777776,0.9361702127659576,0.9777777777777776,0.9565217391304348,0.9707981829980532,0.9784034554471284,0.9777777777777776,0.9779364049318624,0.9970061728395062,0.9913924457606976,0.9420074413277622,0.9777777777777776,176,12,4,528,720,V4,T1,42,1.0,0.9596184031713176,783,148,0.5
0.9833333333333332,0.9565217391304348,0.9777777777777776,0.967032967032967,0.9779402753380448,0.9835334198572354,0.9833333333333332,0.9833939294905838,0.9955041152263376,0.9882463092652736,0.955985730690134,0.9814814814814814,176,8,4,532,720,V5,T1,42,1.0,0.9616169961232606,783,142,0.5
0.9736111111111112,0.93048128342246,0.9666666666666668,0.9482288828337876,0.9652607601494194,0.9741775441201554,0.9736111111111112,0.9737766988072352,0.992582304526749,0.9841609948236164,0.930835091132894,0.9712962962962964,174,13,6,527,720,V6,T1,42,0.5,0.9287529846975326,783,238,0.6
0.9819444444444444,0.9562841530054644,0.9722222222222222,0.9641873278236914,0.9760583807177882,0.9820877980279024,0.9819444444444444,0.9819939071648364,0.9951337448559672,0.9875604143678176,0.9521759941226994,0.9787037037037036,175,8,5,532,720,V7,T1,42,1.0,0.9683278761570576,790,142,0.6
0.9791666666666666,0.9411764705882352,0.9777777777777776,0.9591280653950952,0.972574284328489,0.9796655998234188,0.9791666666666666,0.9792973937951858,0.9970370370370368,0.9916227468906104,0.9454651122116036,0.9787037037037036,176,11,4,529,720,V8,T1,42,1.0,0.9594756010673638,790,143,0.6
0.9819444444444444,0.9562841530054644,0.9722222222222222,0.9641873278236914,0.9760583807177882,0.9820877980279024,0.9819444444444444,0.9819939071648364,0.994835390946502,0.986749138146064,0.9521759941226994,0.9787037037037036,175,8,5,532,720,V9,T1,42,1.0,0.9651259476644656,786,141,0.6
0.9722222222222222,0.9722222222222222,0.9722222222222222,0.9722222222222222,0.9722222222222222,0.9722222222222222,0.9722222222222222,0.9722222222222222,0.9973148148148148,0.9974216430182722,0.9444444444444444,0.9722222222222222,175,5,5,175,360,V0,T1b,42,1.0,0.9808995198449408,783,101,0.3
0.9722222222222222,0.9722222222222222,0.9722222222222222,0.9722222222222222,0.9722222222222222,0.9722222222222222,0.9722222222222222,0.9722222222222222,0.9973148148148148,0.9974216430182722,0.9444444444444444,0.9722222222222222,175,5,5,175,360,V1,T1b,42,1.0,0.9808995198449408,783,101,0.2
0.975,0.9776536312849162,0.9722222222222222,0.9749303621169916,0.974999807097277,0.9750146609463256,0.975,0.974999807097277,0.9977777777777777,0.9978459360047404,0.9500146608331992,0.975,175,4,5,176,360,V2,T1b,42,1.0,0.9774190815116084,783,97,0.2
0.9722222222222222,0.9722222222222222,0.9722222222222222,0.9722222222222222,0.9722222222222222,0.9722222222222222,0.9722222222222222,0.9722222222222222,0.9976851851851852,0.9977342306128004,0.9444444444444444,0.9722222222222222,175,5,5,175,360,V3,T1b,42,1.0,0.9785963039223162,783,99,0.2
0.9777777777777776,0.9777777777777776,0.9777777777777776,0.9777777777777776,0.9777777777777776,0.9777777777777776,0.9777777777777776,0.9777777777777776,0.9978703703703704,0.9980024730030324,0.9555555555555556,0.9777777777777776,176,4,4,176,360,V4,T1b,42,1.0,0.9751140869260048,783,101,0.3
0.9722222222222222,0.9722222222222222,0.9722222222222222,0.9722222222222222,0.9722222222222222,0.9722222222222222,0.9722222222222222,0.9722222222222222,0.9975617283950616,0.9975980487192434,0.9444444444444444,0.9722222222222222,175,5,5,175,360,V5,T1b,42,1.0,0.9773757749691347,783,100,0.2
0.9555555555555556,0.9361702127659576,0.9777777777777776,0.9565217391304348,0.9555335968379448,0.9564571994062344,0.9555555555555556,0.9555335968379448,0.988425925925926,0.9894661594290548,0.9120123092652646,0.9555555555555556,176,12,4,168,360,V6,T1b,42,1.0,0.9413037425923716,783,191,0.3
0.9694444444444444,0.9720670391061452,0.9666666666666668,0.9693593314763232,0.9694442086744496,0.9694589339177134,0.9694444444444444,0.9694442086744496,0.9972530864197532,0.9973837148804104,0.9389033782503547,0.9694444444444444,174,5,6,175,360,V7,T1b,42,0.5,0.9797223106156204,790,96,0.2
0.9805555555555556,0.9832402234636872,0.9777777777777776,0.98050139275766,0.9805554055201042,0.9805703879749376,0.9805555555555556,0.9805554055201042,0.9979012345679013,0.998020488057336,0.9611259434160436,0.9805555555555556,176,3,4,177,360,V8,T1b,42,1.0,0.9751140869260048,790,102,0.2
0.9694444444444444,0.9720670391061452,0.9666666666666668,0.9693593314763232,0.9694442086744496,0.9694589339177134,0.9694444444444444,0.9694442086744496,0.997283950617284,0.9974103189149176,0.9389033782503547,0.9694444444444444,174,5,6,175,360,V9,T1b,42,0.5,0.977341358234668,786,97,0.2
0.9925925925925926,0.9835164835164836,0.9944444444444444,0.988950276243094,0.9916896228012126,0.9926432971125708,0.9925925925925926,0.9926027383205857,0.9995254629629629,0.9991344918696818,0.983413459357846,0.9930555555555556,358,6,2,714,1080,V0,T2,42,0.5,0.9870162311408314,783,114,0.9
0.9925925925925926,0.9835164835164836,0.9944444444444444,0.988950276243094,0.9916896228012126,0.9926432971125708,0.9925925925925926,0.9926027383205857,0.9995254629629629,0.9991344918696818,0.983413459357846,0.9930555555555556,358,6,2,714,1080,V1,T2,42,0.5,0.9870162311408314,783,114,1.0
0.9925925925925926,0.9835164835164836,0.9944444444444444,0.988950276243094,0.9916896228012126,0.9926432971125708,0.9925925925925926,0.9926027383205857,0.9997878086419754,0.9995851502176608,0.983413459357846,0.9930555555555556,358,6,2,714,1080,V2,T2,42,1.0,0.9887799136040168,783,151,1.2
0.9361111111111112,0.9217391304347826,0.8833333333333333,0.902127659574468,0.9273524895810484,0.9358178053830228,0.9361111111111112,0.9357607662499084,0.9873070987654322,0.9783560190393644,0.8551633456984035,0.9229166666666666,318,27,42,693,1080,V3,T2,42,0.1,0.8961899622630428,783,156,2.2
0.925,0.8974358974358975,0.875,0.8860759493670886,0.915087664124538,0.9246597024374802,0.925,0.9247582357103546,0.9841203703703704,0.972129943837272,0.8303364917060368,0.9125,315,36,45,684,1080,V4,T2,42,0.1,0.8682030513932527,783,205,2.2
0.9944444444444444,0.9862637362637364,0.9972222222222222,0.9917127071823204,0.9937672171009097,0.9944901467247834,0.9944444444444444,0.9944520537404392,0.999891975308642,0.9997830732153395,0.987568727495978,0.9951388888888888,359,5,1,715,1080,V5,T2,42,1.0,0.987541074515697,783,167,1.0
0.9888888888888888,0.9754098360655736,0.9916666666666668,0.9834710743801652,0.9875514367716728,0.9890021582403452,0.9888888888888888,0.9889115575688416,0.9987770061728396,0.9979478121489124,0.9751792923129288,0.9895833333333334,357,9,3,711,1080,V6,T2,42,1.0,0.9811103982518428,783,224,1.2
0.9944444444444444,0.988950276243094,0.9944444444444444,0.9916897506925209,0.9937586444700436,0.9944597485341418,0.9944444444444444,0.9944482757292176,0.9998225308641976,0.9996472671730076,0.987525885579859,0.9944444444444444,358,4,2,716,1080,V7,T2,42,1.0,0.98875058653349,790,127,1.0
0.9712962962962964,0.9272727272727272,0.9916666666666668,0.9583892617449664,0.9682405672682428,0.972879877915849,0.9712962962962964,0.9715243357760018,0.9973109567901236,0.995392629925623,0.9377484410292104,0.976388888888889,357,28,3,692,1080,V8,T2,42,0.5,0.9500303647155508,790,186,1.5
0.9944444444444444,0.988950276243094,0.9944444444444444,0.9916897506925209,0.9937586444700436,0.9944597485341418,0.9944444444444444,0.9944482757292176,0.999783950617284,0.9995735141015154,0.987525885579859,0.9944444444444444,358,4,2,716,1080,V9,T2,42,1.0,0.9899221405806568,786,148,1.0
0.9777777777777776,0.9777777777777776,0.9777777777777776,0.9777777777777776,0.9777777777777776,0.9777777777777776,0.9777777777777776,0.9777777777777776,0.9938374485596708,0.9942697526974416,0.9555555555555556,0.9777777777777776,528,12,12,528,1080,V0,T3,42,1.0,0.9814014909238112,783,209,1.1
0.9777777777777776,0.9777777777777776,0.9777777777777776,0.9777777777777776,0.9777777777777776,0.9777777777777776,0.9777777777777776,0.9777777777777776,0.9938374485596708,0.9942697526974416,0.9555555555555556,0.9777777777777776,528,12,12,528,1080,V1,T3,42,1.0,0.9814014909238112,783,209,1.1
0.975,0.9706422018348624,0.9796296296296296,0.9751152073732718,0.9749994641517522,0.9750407270856554,0.975,0.9749994641517522,0.9941700960219478,0.9944540348782688,0.9500407262126952,0.975,529,16,11,524,1080,V2,T3,42,0.5,0.9822427089351654,783,159,1.1
0.9592592592592591,0.947653429602888,0.9722222222222222,0.959780621572212,0.9592524120994268,0.9595681596683642,0.9592592592592591,0.959252412099427,0.9875891632373114,0.9861578909984052,0.918827367003038,0.9592592592592591,525,29,15,511,1080,V3,T3,42,0.5,0.9538662947889688,783,244,1.4
0.9444444444444444,0.9316546762589928,0.9592592592592591,0.9452554744525548,0.9444322485044728,0.9448349717172828,0.9444444444444444,0.9444322485044728,0.9837379972565158,0.9799425679281004,0.8892793304116493,0.9444444444444444,518,38,22,502,1080,V4,T3,42,0.5,0.9489672363923448,783,282,1.6
0.9824074074074074,0.9833024118738404,0.9814814814814816,0.9823911028730306,0.982407392324582,0.9824090617594712,0.9824074074074074,0.982407392324582,0.995925925925926,0.9966639821466824,0.96481646916546,0.9824074074074074,530,9,10,531,1080,V5,T3,42,1.0,0.9849696020227124,783,199,1.0
0.9712962962962964,0.9739292364990688,0.9685185185185186,0.9712163416898792,0.971296074815392,0.971310842927251,0.9712962962962964,0.971296074815392,0.990925925925926,0.9888765478297332,0.9426071391113028,0.9712962962962964,523,14,17,526,1080,V6,T3,42,1.0,0.9693838840262516,783,360,1.4
0.9851851851851852,0.9869888475836432,0.9833333333333332,0.9851576994434136,0.9851851343797476,0.9851918407659912,0.9851851851851852,0.9851851343797476,0.9962208504801098,0.9967990638059075,0.970377025928352,0.9851851851851852,531,7,9,533,1080,V7,T3,42,1.0,0.9861520378504408,790,187,1.2
0.9592592592592591,0.9525547445255474,0.9666666666666668,0.9595588235294118,0.9592570237050044,0.9593600790296912,0.9592592592592591,0.9592570237050044,0.9888545953360768,0.9885443844311914,0.9186193327563942,0.9592592592592591,522,26,18,514,1080,V8,T3,42,1.0,0.9612436906336788,790,259,1.4
0.9842592592592592,0.9851576994434136,0.9833333333333332,0.9842446709916588,0.9842592457640996,0.9842609199620026,0.9842592592592592,0.9842592457640994,0.9956241426611796,0.9963369056280346,0.968520179219838,0.9842592592592592,531,8,9,532,1080,V9,T3,42,0.5,0.9849373022089716,786,158,1.1
0.9805555555555556,0.946236559139785,0.9777777777777776,0.9617486338797814,0.974356626064658,0.9809411622568563,0.9805555555555556,0.9806606221570964,0.9973045267489712,0.9936652592070756,0.9489471630118752,0.9796296296296296,176,10,4,530,720,V0,T1,7,1.0,0.9592333374808178,783,136,0.6
0.9805555555555556,0.946236559139785,0.9777777777777776,0.9617486338797814,0.974356626064658,0.9809411622568563,0.9805555555555556,0.9806606221570964,0.9973045267489712,0.9936652592070756,0.9489471630118752,0.9796296296296296,176,10,4,530,720,V1,T1,7,1.0,0.9592333374808178,783,136,0.6
0.9763888888888888,0.9312169312169312,0.9777777777777776,0.9539295392953928,0.9690282617111884,0.9771545152901084,0.9763888888888888,0.9765776229190862,0.9977160493827162,0.9943264488536678,0.93857382637829,0.976851851851852,176,13,4,527,720,V2,T1,7,0.5,0.9650488629174576,783,127,0.5
0.9791666666666666,0.9411764705882352,0.9777777777777776,0.9591280653950952,0.972574284328489,0.9796655998234188,0.9791666666666666,0.9792973937951858,0.997932098765432,0.9949148421537456,0.9454651122116036,0.9787037037037036,176,11,4,529,720,V3,T1,7,1.0,0.9638723727981642,783,135,0.6
0.9777777777777776,0.9361702127659576,0.9777777777777776,0.9565217391304348,0.9707981829980532,0.9784034554471284,0.9777777777777776,0.9779364049318624,0.9977777777777778,0.99489390700943,0.9420074413277622,0.9777777777777776,176,12,4,528,720,V4,T1,7,0.5,0.9594822356547348,783,134,0.5
0.9791666666666666,0.9508196721311476,0.9666666666666668,0.9586776859504132,0.972375054674371,0.9793250297646304,0.9791666666666666,0.97922373903635,0.997366255144033,0.993492129667744,0.944809061866431,0.975,174,9,6,531,720,V5,T1,7,1.0,0.9613206515112652,783,131,0.6
0.9666666666666668,0.8979591836734694,0.9777777777777776,0.9361702127659576,0.956806910894257,0.9687646050786728,0.9666666666666668,0.9671252599584068,0.9934876543209876,0.9855643517782758,0.9151860797539346,0.9703703703703704,176,20,4,520,720,V6,T1,7,1.0,0.9205482630986578,783,268,0.7
0.9777777777777776,0.9361702127659576,0.9777777777777776,0.9565217391304348,0.9707981829980532,0.9784034554471284,0.9777777777777776,0.9779364049318624,0.9972530864197532,0.993642806094207,0.9420074413277622,0.9777777777777776,176,12,4,528,720,V7,T1,7,0.5,0.9569853392221812,790,117,0.6
0.9777777777777776,0.9361702127659576,0.9777777777777776,0.9565217391304348,0.9707981829980532,0.9784034554471284,0.9777777777777776,0.9779364049318624,0.9976440329218108,0.9944253484431932,0.9420074413277622,0.9777777777777776,176,12,4,528,720,V8,T1,7,0.5,0.963990681031265,790,129,0.5
0.9805555555555556,0.946236559139785,0.9777777777777776,0.9617486338797814,0.974356626064658,0.9809411622568563,0.9805555555555556,0.9806606221570964,0.9972942386831276,0.9935916299709742,0.9489471630118752,0.9796296296296296,176,10,4,530,720,V9,T1,7,1.0,0.9569518460861216,786,135,0.6
0.9861111111111112,0.9834254143646408,0.9888888888888888,0.9861495844875346,0.9861110039429316,0.9861261150035496,0.9861111111111112,0.9861110039429316,0.99929012345679,0.9993325329016444,0.972237225998888,0.9861111111111112,178,3,2,177,360,V0,T1b,7,0.5,0.9671329224190144,783,95,0.2
0.9861111111111112,0.9834254143646408,0.9888888888888888,0.9861495844875346,0.9861110039429316,0.9861261150035496,0.9861111111111112,0.9861110039429316,0.99929012345679,0.9993325329016444,0.972237225998888,0.9861111111111112,178,3,2,177,360,V1,T1b,7,0.5,0.9671329224190144,783,95,0.2
0.9916666666666668,0.994413407821229,0.9888888888888888,0.9916434540389972,0.991666602365759,0.9916818420321616,0.9916666666666668,0.9916666023657588,0.9990432098765432,0.999118792087542,0.9833485085817324,0.9916666666666668,178,1,2,179,360,V2,T1b,7,0.5,0.9636076476490496,783,92,0.2
0.9888888888888888,0.9888888888888888,0.9888888888888888,0.9888888888888888,0.9888888888888888,0.9888888888888888,0.9888888888888888,0.9888888888888888,0.9988271604938272,0.9989282871628874,0.9777777777777776,0.9888888888888888,178,2,2,178,360,V3,T1b,7,1.0,0.968195232329508,783,105,0.2
0.9888888888888888,0.9888888888888888,0.9888888888888888,0.9888888888888888,0.9888888888888888,0.9888888888888888,0.9888888888888888,0.9888888888888888,0.9989814814814816,0.9990711535978608,0.9777777777777776,0.9888888888888888,178,2,2,178,360,V4,T1b,7,0.5,0.9614889596069468,783,98,0.2
0.9861111111111112,0.988826815642458,0.9833333333333332,0.9860724233983288,0.9861110039429316,0.9861261150035496,0.9861111111111112,0.9861110039429316,0.9991049382716048,0.9991515031648256,0.972237225998888,0.9861111111111112,177,2,3,178,360,V5,T1b,7,1.0,0.9659613550956307,783,103,0.2
0.9666666666666668,0.9666666666666668,0.9666666666666668,0.9666666666666668,0.9666666666666668,0.9666666666666668,0.9666666666666668,0.9666666666666668,0.9971913580246912,0.9973292561269016,0.9333333333333332,0.9666666666666668,174,6,6,174,360,V6,T1b,7,0.5,0.9284856883109696,783,203,0.3
0.9861111111111112,0.9834254143646408,0.9888888888888888,0.9861495844875346,0.9861110039429316,0.9861261150035496,0.9861111111111112,0.9861110039429316,0.9992283950617284,0.999280469905419,0.972237225998888,0.9861111111111112,178,3,2,177,360,V7,T1b,7,0.5,0.9682852694788346,790,96,0.2
0.9888888888888888,0.9888888888888888,0.9888888888888888,0.9888888888888888,0.9888888888888888,0.9888888888888888,0.9888888888888888,0.9888888888888888,0.999104938271605,0.9991794521515488,0.9777777777777776,0.9888888888888888,178,2,2,178,360,V8,T1b,7,0.5,0.962633133992584,790,98,0.2
0.9861111111111112,0.9834254143646408,0.9888888888888888,0.9861495844875346,0.9861110039429316,0.9861261150035496,0.9861111111111112,0.9861110039429316,0.99929012345679,0.9993311403508772,0.972237225998888,0.9861111111111112,178,3,2,177,360,V9,T1b,7,1.0,0.9681690992603826,786,115,0.2
0.9944444444444444,0.9916666666666668,0.9916666666666668,0.9916666666666668,0.99375,0.9944444444444444,0.9944444444444444,0.9944444444444444,0.99977237654321,0.999570477540192,0.9875,0.99375,357,3,3,717,1080,V0,T2,7,1.0,0.9869913187761497,783,155,0.9
0.9944444444444444,0.9916666666666668,0.9916666666666668,0.9916666666666668,0.99375,0.9944444444444444,0.9944444444444444,0.9944444444444444,0.99977237654321,0.999570477540192,0.9875,0.99375,357,3,3,717,1080,V1,T2,7,1.0,0.9869913187761497,783,155,1.1
0.9925925925925926,0.9861878453038674,0.9916666666666668,0.9889196675900276,0.9916781926267246,0.992610433114288,0.9925925925925926,0.9925977009722902,0.9997916666666666,0.9996054751833396,0.9833649619046628,0.9923611111111112,357,5,3,715,1080,V2,T2,7,0.5,0.986411849620285,783,125,0.9
0.937037037037037,0.9078212290502792,0.9027777777777778,0.9052924791086352,0.929067876170129,0.9369561068210072,0.937037037037037,0.9369930085239604,0.989050925925926,0.9814031050903598,0.858143770349744,0.9284722222222224,325,33,35,687,1080,V3,T2,7,0.1,0.8918466293742005,783,161,1.6
0.9305555555555556,0.8969359331476323,0.8944444444444445,0.8956884561891516,0.921820633368691,0.930508926398263,0.9305555555555556,0.930531359095204,0.987229938271605,0.9763894566692902,0.8436432510216271,0.9215277777777776,322,37,38,683,1080,V4,T2,7,0.1,0.860687009093235,783,216,2.0
0.9916666666666668,0.9808219178082191,0.9944444444444444,0.9875862068965516,0.9906572149465336,0.9917425040712712,0.9916666666666668,0.9916808842965276,0.9998726851851852,0.999751516881489,0.981367755101982,0.9923611111111112,358,7,2,713,1080,V5,T2,7,1.0,0.9893617021276596,783,162,0.8
0.9898148148148148,0.9754768392370572,0.9944444444444444,0.984869325997249,0.9885965611144654,0.9899555803534464,0.9898148148148148,0.989838972820204,0.9996026234567902,0.9993133800617596,0.9772971199202148,0.9909722222222224,358,9,2,711,1080,V6,T2,7,1.0,0.979401017485038,783,248,1.1
0.9907407407407408,0.9807692307692308,0.9916666666666668,0.9861878453038674,0.989612028501516,0.990796447500358,0.9907407407407408,0.990753422900732,0.9996373456790124,0.9993337982791274,0.9792581912197144,0.9909722222222224,357,7,3,713,1080,V7,T2,7,0.5,0.9863761314296656,790,134,0.9
0.9814814814814816,0.952127659574468,0.9944444444444444,0.9728260869565216,0.9793905715681486,0.98214861379755,0.9814814814814816,0.9815787331053576,0.9981095679012346,0.9962603867734404,0.9593126531225395,0.9847222222222224,358,18,2,702,1080,V8,T2,7,0.5,0.9415036626059528,790,190,1.4
0.9944444444444444,0.9916666666666668,0.9916666666666668,0.9916666666666668,0.99375,0.9944444444444444,0.9944444444444444,0.9944444444444444,0.9997800925925926,0.9995847200349576,0.9875,0.99375,357,3,3,717,1080,V9,T2,7,1.0,0.98695336640987,786,151,0.9
0.9796296296296296,0.977859778597786,0.9814814814814816,0.9796672828096118,0.9796295597721528,0.9796362090014952,0.9796296296296296,0.9796295597721528,0.9980075445816188,0.9981485333210643,0.9592658386085616,0.9796296296296296,530,12,10,528,1080,V0,T3,7,1.0,0.9766798647622555,783,225,1.0
0.9796296296296296,0.977859778597786,0.9814814814814816,0.9796672828096118,0.9796295597721528,0.9796362090014952,0.9796296296296296,0.9796295597721528,0.9980075445816188,0.9981485333210643,0.9592658386085616,0.9796296296296296,530,12,10,528,1080,V1,T3,7,1.0,0.9766798647622555,783,225,1.1
0.9824074074074074,0.9762340036563072,0.9888888888888888,0.9825206991720332,0.9824066683185422,0.9824884840045138,0.9824074074074074,0.982406668318542,0.9983367626886146,0.9984353926530724,0.9648958880056394,0.9824074074074074,534,13,6,527,1080,V2,T3,7,1.0,0.9798022662548936,783,224,0.9
0.9657407407407408,0.9451327433628318,0.9888888888888888,0.9665158371040724,0.9657223735283396,0.9667411289629694,0.9657407407407408,0.9657223735283396,0.9938854595336076,0.9933804222865305,0.932481333083688,0.9657407407407408,534,31,6,509,1080,V3,T3,7,1.0,0.9513619435286328,783,283,1.3
0.9518518518518518,0.94043321299639,0.9648148148148148,0.9524680073126144,0.951843759753868,0.9521557699962938,0.9518518518518518,0.951843759753868,0.9908779149519892,0.990640597921657,0.9040075707610536,0.9518518518518518,521,33,19,507,1080,V4,T3,7,0.5,0.9366331109698428,783,309,1.5
0.9861111111111112,0.9852125693160814,0.987037037037037,0.9861239592969472,0.9861110992036172,0.986112778164534,0.9861111111111112,0.9861110992036174,0.9993621399176956,0.999383256299869,0.972223889274216,0.9861111111111112,533,8,7,532,1080,V5,T3,7,0.5,0.9785961122800374,783,183,0.9
0.976851851851852,0.9724770642201837,0.9814814814814816,0.976958525345622,0.9768513556960668,0.9768927377175683,0.976851851851852,0.976851355696067,0.995860768175583,0.996745428524399,0.9537445886930568,0.976851851851852,530,15,10,525,1080,V6,T3,7,1.0,0.9704473688607212,783,350,1.1
0.987037037037037,0.9888475836431226,0.9851851851851852,0.987012987012987,0.9870369925822792,0.9870437180208232,0.987037037037037,0.9870369925822792,0.9990432098765432,0.9990617028352616,0.9740807550349488,0.987037037037037,532,6,8,534,1080,V7,T3,7,0.5,0.9801263034496158,790,177,0.9
0.9675925925925926,0.9616087751371116,0.974074074074074,0.967801287948482,0.967591231113104,0.9676711793133964,0.9675925925925926,0.967591231113104,0.9947290809327846,0.9948575615609718,0.9352637686043146,0.9675925925925926,526,21,14,519,1080,V8,T3,7,0.5,0.9581953216844796,790,243,1.2
0.9842592592592592,0.9869646182495344,0.9814814814814816,0.9842154131847726,0.9842591378019891,0.9842742059940122,0.9842592592592592,0.9842591378019894,0.9987722908093278,0.9988455690202184,0.9685334651379398,0.9842592592592592,530,7,10,533,1080,V9,T3,7,0.5,0.9797716042331736,786,171,0.9
0.9791666666666666,0.945945945945946,0.9722222222222222,0.958904109589041,0.972475310608474,0.979477140692094,0.9791666666666666,0.9792609111181904,0.9978189300411524,0.9935795781435726,0.9451132384142914,0.976851851851852,175,10,5,530,720,V0,T1,123,0.5,0.955492212534466,783,116,0.5
0.9791666666666666,0.945945945945946,0.9722222222222222,0.958904109589041,0.972475310608474,0.979477140692094,0.9791666666666666,0.9792609111181904,0.9978189300411524,0.9935795781435726,0.9451132384142914,0.976851851851852,175,10,5,530,720,V1,T1,123,0.5,0.955492212534466,783,116,0.5
0.9819444444444444,0.9562841530054644,0.9722222222222222,0.9641873278236914,0.9760583807177882,0.9820877980279024,0.9819444444444444,0.9819939071648364,0.998364197530864,0.9954844403516588,0.9521759941226994,0.9787037037037036,175,8,5,532,720,V2,T1,123,1.0,0.9556391417716372,783,130,0.6
0.9805555555555556,0.9510869565217392,0.9722222222222222,0.9615384615384616,0.9742636545610524,0.9807754704737184,0.9805555555555556,0.9806262510723476,0.9984670781893004,0.9956413439259292,0.94863199430021,0.9777777777777776,175,9,5,531,720,V3,T1,123,1.0,0.962478560682666,783,132,0.5
0.9805555555555556,0.9510869565217392,0.9722222222222222,0.9615384615384616,0.9742636545610524,0.9807754704737184,0.9805555555555556,0.9806262510723476,0.9987448559670782,0.9963247169712964,0.94863199430021,0.9777777777777776,175,9,5,531,720,V4,T1,123,1.0,0.9602673840384772,783,138,0.5
0.9805555555555556,0.9510869565217392,0.9722222222222222,0.9615384615384616,0.9742636545610524,0.9807754704737184,0.9805555555555556,0.9806262510723476,0.997993827160494,0.9943160067563585,0.94863199430021,0.9777777777777776,175,9,5,531,720,V5,T1,123,1.0,0.9589964395726835,783,132,0.6
0.9763888888888888,0.9358288770053476,0.9722222222222222,0.9536784741144414,0.968917522238954,0.9769215719717872,0.9763888888888888,0.9765370463012104,0.996738683127572,0.9908188521065788,0.9381501016722488,0.975,175,12,5,528,720,V6,T1,123,0.5,0.9353723210740442,783,249,0.6
0.9791666666666666,0.945945945945946,0.9722222222222222,0.958904109589041,0.972475310608474,0.979477140692094,0.9791666666666666,0.9792609111181904,0.9980658436213992,0.9943170630064354,0.9451132384142914,0.976851851851852,175,10,5,530,720,V7,T1,123,1.0,0.9588070331338912,790,135,0.5
0.9833333333333332,0.9615384615384616,0.9722222222222222,0.9668508287292816,0.977859551655921,0.983414355161567,0.9833333333333332,0.9833639131192408,0.9986625514403292,0.9960553565258392,0.9557455851254548,0.9796296296296296,175,7,5,533,720,V8,T1,123,1.0,0.9648458698715484,790,144,0.5
0.9763888888888888,0.9358288770053476,0.9722222222222222,0.9536784741144414,0.968917522238954,0.9769215719717872,0.9763888888888888,0.9765370463012104,0.9980041152263376,0.9943089996480888,0.9381501016722488,0.975,175,12,5,528,720,V9,T1,123,1.0,0.9564563022082332,786,134,0.5
0.975,0.9723756906077348,0.9777777777777776,0.9750692520775625,0.974999807097277,0.9750146609463256,0.975,0.974999807097277,0.9974691358024692,0.9974678634109934,0.9500146608331992,0.975,176,5,4,175,360,V0,T1b,123,1.0,0.9738432961837216,783,103,0.2
0.975,0.9723756906077348,0.9777777777777776,0.9750692520775625,0.974999807097277,0.9750146609463256,0.975,0.974999807097277,0.9974691358024692,0.9974678634109934,0.9500146608331992,0.975,176,5,4,175,360,V1,T1b,123,1.0,0.9738432961837216,783,103,0.2
0.9666666666666668,0.9615384615384616,0.9722222222222222,0.9668508287292816,0.966665637828328,0.966724286949006,0.9666666666666668,0.9666656378283282,0.997037037037037,0.997052301984649,0.9333909518371593,0.9666666666666668,175,7,5,173,360,V2,T1b,123,0.5,0.9774268322182844,783,87,0.2
0.9638888888888888,0.9562841530054644,0.9722222222222222,0.9641873278236914,0.9638863809986804,0.9640177827174214,0.9638888888888888,0.9638863809986804,0.9966049382716048,0.9965393061500976,0.9279066626541066,0.9638888888888888,175,8,5,172,360,V3,T1b,123,1.0,0.9751308845658908,783,102,0.2
0.9694444444444444,0.9668508287292816,0.9722222222222222,0.969529085872576,0.9694442086744496,0.9694589339177134,0.9694444444444444,0.9694442086744496,0.9972530864197532,0.997339694623703,0.9389033782503547,0.9694444444444444,175,6,5,174,360,V4,T1b,123,0.5,0.9740862188384934,783,87,0.2
0.9722222222222222,0.9722222222222222,0.9722222222222222,0.9722222222222222,0.9722222222222222,0.9722222222222222,0.9722222222222222,0.9722222222222222,0.9969135802469136,0.9969000437750328,0.9444444444444444,0.9722222222222222,175,5,5,175,360,V5,T1b,123,1.0,0.9750211828503644,783,97,0.2
0.9527777777777776,0.9405405405405406,0.9666666666666668,0.9534246575342464,0.9527686667952924,0.9531274131274132,0.9527777777777776,0.9527686667952924,0.9907407407407408,0.9916077950697878,0.9059051234340671,0.9527777777777776,174,11,6,169,360,V6,T1b,123,1.0,0.944570372156579,783,195,0.2
0.9777777777777776,0.9777777777777776,0.9777777777777776,0.9777777777777776,0.9777777777777776,0.9777777777777776,0.9777777777777776,0.9777777777777776,0.9974074074074074,0.997414836641132,0.9555555555555556,0.9777777777777776,176,4,4,176,360,V7,T1b,123,1.0,0.9773933900563962,790,107,0.2
0.9694444444444444,0.9668508287292816,0.9722222222222222,0.969529085872576,0.9694442086744496,0.9694589339177134,0.9694444444444444,0.9694442086744496,0.9970987654320989,0.9971857872421794,0.9389033782503547,0.9694444444444444,175,6,5,174,360,V8,T1b,123,0.5,0.975238565898314,790,90,0.2
0.975,0.9723756906077348,0.9777777777777776,0.9750692520775625,0.974999807097277,0.9750146609463256,0.975,0.974999807097277,0.997067901234568,0.997052293605879,0.9500146608331992,0.975,176,5,4,175,360,V9,T1b,123,1.0,0.9751137580060216,786,108,0.2
0.9953703703703703,0.9916897506925209,0.9944444444444444,0.9930651872399444,0.9947952760383184,0.9953754894519808,0.9953703703703703,0.9953719723044432,0.9999305555555555,0.9998643530449494,0.9895927066859777,0.9951388888888888,358,3,2,717,1080,V0,T2,123,1.0,0.9881878372931008,783,130,0.8
0.9953703703703703,0.9916897506925209,0.9944444444444444,0.9930651872399444,0.9947952760383184,0.9953754894519808,0.9953703703703703,0.9953719723044432,0.9999305555555555,0.9998643530449494,0.9895927066859777,0.9951388888888888,358,3,2,717,1080,V1,T2,123,1.0,0.9881878372931008,783,130,0.9
0.9962962962962963,0.9917127071823204,0.9972222222222222,0.994459833795014,0.9958390963133624,0.9963090639539952,0.9962962962962963,0.996298850486145,0.999945987654321,0.999892321417735,0.9916868092550548,0.9965277777777778,359,3,1,717,1080,V2,T2,123,1.0,0.988773556321357,783,136,1.0
0.9361111111111112,0.907563025210084,0.9,0.9037656903765692,0.9279743212797606,0.93599265432314,0.9361111111111112,0.9360438649141578,0.9877854938271604,0.9794940835135288,0.8559666837568289,0.9270833333333334,324,33,36,687,1080,V3,T2,123,0.1,0.8861108670359527,783,157,1.7
0.9287037037037036,0.8941504178272981,0.8916666666666667,0.8929068150208623,0.9197358502585228,0.9286557795901442,0.9287037037037036,0.9286788620044096,0.984675925925926,0.9725552791108366,0.8394736797645186,0.9194444444444444,321,38,39,682,1080,V4,T2,123,0.1,0.8632336397239891,783,211,2.0
0.9953703703703703,0.9916897506925209,0.9944444444444444,0.9930651872399444,0.9947952760383184,0.9953754894519808,0.9953703703703703,0.9953719723044432,0.9999498456790124,0.999900913578868,0.9895927066859777,0.9951388888888888,358,3,2,717,1080,V5,T2,123,1.0,0.9858277772260364,783,135,0.8
0.9925925925925926,0.9782608695652174,1.0,0.989010989010989,0.991712198416109,0.9927536231884058,0.9925925925925926,0.9926126015511492,0.9999498456790124,0.9998996008401044,0.9835605239881408,0.9944444444444444,360,8,0,712,1080,V6,T2,123,1.0,0.9798943099582234,783,233,1.2
0.9962962962962963,0.9917127071823204,0.9972222222222222,0.994459833795014,0.9958390963133624,0.9963090639539952,0.9962962962962963,0.996298850486145,0.999891975308642,0.9997945213406,0.9916868092550548,0.9965277777777778,359,3,1,717,1080,V7,T2,123,1.0,0.9869638940455778,790,160,0.9
0.973148148148148,0.9298701298701298,0.9944444444444444,0.9610738255033556,0.9702895629283564,0.9747049113955588,0.973148148148148,0.9733614754033564,0.9980671296296296,0.9960790037642993,0.9418493817334196,0.9784722222222222,358,27,2,693,1080,V8,T2,123,0.5,0.9505529515329166,790,205,1.5
0.9953703703703703,0.9916897506925209,0.9944444444444444,0.9930651872399444,0.9947952760383184,0.9953754894519808,0.9953703703703703,0.9953719723044432,0.9998611111111112,0.9997339170540188,0.9895927066859777,0.9951388888888888,358,3,2,717,1080,V9,T2,123,0.5,0.9875685019701808,786,130,0.8
0.9824074074074074,0.9851024208566108,0.9796296296296296,0.9823584029712163,0.9824072716610468,0.9824222969844748,0.9824074074074074,0.9824072716610468,0.997945816186557,0.9980357477343922,0.9648297042769916,0.9824074074074074,529,8,11,532,1080,V0,T3,123,1.0,0.9779025509292976,783,212,1.3
0.9824074074074074,0.9851024208566108,0.9796296296296296,0.9823584029712163,0.9824072716610468,0.9824222969844748,0.9824074074074074,0.9824072716610468,0.997945816186557,0.9980357477343922,0.9648297042769916,0.9824074074074074,529,8,11,532,1080,V1,T3,123,1.0,0.9779025509292976,783,212,1.2
0.9814814814814816,0.9814814814814816,0.9814814814814816,0.9814814814814816,0.9814814814814816,0.9814814814814816,0.9814814814814816,0.9814814814814816,0.9980692729766804,0.9981014824177084,0.9629629629629628,0.9814814814814816,530,10,10,530,1080,V2,T3,123,0.5,0.9782751387368082,783,182,1.3
0.9703703703703704,0.9568345323741008,0.9851851851851852,0.9708029197080292,0.9703638658690522,0.9707836784007908,0.9703703703703704,0.9703638658690522,0.9954526748971194,0.9954823587726422,0.9411539580189956,0.9703703703703704,532,24,8,516,1080,V3,T3,123,0.5,0.9501482106297864,783,256,1.6
0.9518518518518518,0.931095406360424,0.975925925925926,0.952983725135624,0.9518239308790074,0.9529017887833248,0.9518518518518518,0.9518239308790072,0.9912311385459532,0.9912759599881809,0.9047530314262818,0.951851851851852,527,39,13,501,1080,V4,T3,123,0.5,0.9384514164918272,783,286,1.4
0.9842592592592592,0.9869646182495344,0.9814814814814816,0.9842154131847726,0.9842591378019891,0.9842742059940122,0.9842592592592592,0.9842591378019894,0.9988100137174212,0.9988785897755122,0.9685334651379398,0.9842592592592592,530,7,10,533,1080,V5,T3,123,1.0,0.9817541589102388,783,214,0.9
0.973148148148148,0.9705340699815838,0.975925925925926,0.9732225300092336,0.9731479409563346,0.973162751936788,0.973148148148148,0.9731479409563344,0.9962962962962963,0.9961706389901352,0.9463108999722508,0.973148148148148,527,16,13,524,1080,V6,T3,123,0.5,0.966902545661954,783,339,1.1
0.9842592592592592,0.988785046728972,0.9796296296296296,0.984186046511628,0.9842589218733256,0.9843007802452198,0.9842592592592592,0.9842589218733252,0.9989643347050756,0.9989780162627292,0.9685600386145022,0.9842592592592592,529,6,11,534,1080,V7,T3,123,0.5,0.9860716731831394,790,164,0.9
0.9657407407407408,0.9648798521256932,0.9666666666666668,0.96577243293247,0.9657407113689228,0.9657423379366872,0.9657407407407408,0.9657407113689226,0.9949245541838134,0.9953364811306056,0.9314830786760584,0.9657407407407408,522,19,18,521,1080,V8,T3,123,1.0,0.9558993643119348,790,251,1.2
0.9833333333333333,0.9869402985074627,0.9796296296296296,0.983271375464684,0.9833331047065117,0.9833598551360841,0.9833333333333333,0.9833331047065119,0.9987825788751715,0.9988096077257325,0.9666931881055969,0.9833333333333334,529,7,11,533,1080,V9,T3,123,1.0,0.9845308030662926,786,196,0.9
