task,variant,seed,metric,value,lo,hi,se
T1,main,42,f1_pos,0.9696969696969697,0.9510869565217391,0.9862258953168044,0.008937356883812463
T1,main,42,accuracy,0.9847222222222223,0.975,0.9930555555555556,0.004544807905212879
T1,main,42,roc_auc,0.9962448559670782,0.992550925925926,0.9991772119341564,0.001720470924577925
T1,main,7,f1_pos,0.9696969696969697,0.9521066505987797,0.9862258953168044,0.008837228340446151
T1,main,7,accuracy,0.9847222222222223,0.975,0.9930555555555556,0.004493344433902223
T1,main,7,roc_auc,0.9972427983539094,0.993579475308642,0.9995581275720165,0.001495564962376362
T1,main,123,f1_pos,0.9720670391061452,0.9529085872576177,0.9862258953168044,0.008760305904293548
T1,main,123,accuracy,0.9861111111111112,0.9763888888888889,0.9930555555555556,0.0043264378651004165
T1,main,123,roc_auc,0.999238683127572,0.9983127572016461,0.9998559670781892,0.00039598994931911227
T1,main,mean,f1_pos,0.9705849840118986,0.9603862247214431,0.9797213012541796,0.005064965126790749
T1,main,mean,accuracy,0.985232037037037,0.9800925925925926,0.9898148148148148,0.0025514524010815756
T1,main,mean,roc_auc,0.9976117969821674,0.9959875685871057,0.9989129801097393,0.0007514404324148045
T1,V5,42,f1_pos,0.9698630136986301,0.9513513513513514,0.9862258953168044,0.008891602565359447
T1,V5,42,accuracy,0.9847222222222223,0.975,0.9930555555555556,0.00457180495792688
T1,V5,42,roc_auc,0.9953909465020576,0.9903677983539094,0.9993109567901235,0.0023589202327390837
T1,V5,7,f1_pos,0.9633802816901409,0.9425287356321839,0.9830508474576272,0.010099280553223232
T1,V5,7,accuracy,0.9819444444444444,0.9722222222222222,0.9916666666666667,0.004903585832365046
T1,V5,7,roc_auc,0.9981995884773662,0.9962343106995885,0.9995578703703704,0.0008502248828986406
T1,V5,123,f1_pos,0.9719101123595506,0.9523809523809523,0.9887640449438202,0.008834834021531852
T1,V5,123,accuracy,0.9861111111111112,0.9763888888888889,0.9944444444444445,0.0043148785918025335
T1,V5,123,roc_auc,0.9992592592592592,0.9983845164609053,0.9998251028806584,0.0003644630549216522
T1,V5,mean,f1_pos,0.9684890333005729,0.9576668657667713,0.978528282365574,0.005335017506914018
T1,V5,mean,accuracy,0.9843176851851853,0.9791666666666666,0.9893518518518519,0.002641956740012154
T1,V5,mean,roc_auc,0.997658439643347,0.9958743141289438,0.9990192043895748,0.0008246219858186802
T1b,main,42,f1_pos,0.9779005524861878,0.9615384615384616,0.9916897506925207,0.0077517974933703345
T1b,main,42,accuracy,0.9777777777777777,0.9611111111111111,0.9916666666666667,0.007839338182741842
T1b,main,42,roc_auc,0.9975925925925926,0.9949058641975309,0.9995686728395062,0.0012377373766911076
T1b,main,7,f1_pos,0.9860724233983287,0.9720670391061452,0.9972144846796658,0.00623943151674
T1b,main,7,accuracy,0.9861111111111112,0.9722222222222222,0.9972222222222222,0.006198543447428248
T1b,main,7,roc_auc,0.9993518518518518,0.9982098765432099,1.0,0.00048180644760488473
T1b,main,123,f1_pos,0.9722222222222222,0.9534246575342465,0.9863013698630136,0.008670835602290107
T1b,main,123,accuracy,0.9722222222222222,0.9527777777777777,0.9861111111111112,0.008669387510320944
T1b,main,123,roc_auc,0.9958333333333333,0.9910177469135802,0.9988279320987654,0.002041840443933593
T1b,main,mean,f1_pos,0.9787764520972994,0.9695434455229222,0.9870164035902197,0.004407010693156242
T1b,main,mean,accuracy,0.9787501851851852,0.9694444444444444,0.987037037037037,0.004419086177009539
T1b,main,mean,roc_auc,0.9975719958847735,0.9957093621399177,0.9989302983539095,0.0008236305211554401
T1b,V5,42,f1_pos,0.9749303621169917,0.957983193277311,0.988950276243094,0.00831125561681747
T1b,V5,42,accuracy,0.975,0.9583333333333334,0.9888888888888889,0.008253929900665154
T1b,V5,42,roc_auc,0.9985185185185185,0.9966041666666667,0.9997530864197531,0.0008112971970770982
T1b,V5,7,f1_pos,0.9888888888888889,0.9774011299435028,0.997229916897507,0.005579496162262198
T1b,V5,7,accuracy,0.9888888888888889,0.9777777777777777,0.9972222222222222,0.0055773549049322624
T1b,V5,7,roc_auc,0.9995370370370371,0.9985493827160494,1.0,0.0003699166348650954
T1b,V5,123,f1_pos,0.9693593314763231,0.95,0.9860724233983287,0.009040351482300807
T1b,V5,123,accuracy,0.9694444444444444,0.95,0.9861111111111112,0.008986219755315711
T1b,V5,123,roc_auc,0.9956172839506172,0.9909853395061728,0.9986736111111112,0.0020270573965675016
T1b,V5,mean,f1_pos,0.9776991575650293,0.9684149636119965,0.9860824298383714,0.0045224502493315015
T1b,V5,mean,accuracy,0.9777598148148149,0.9685185185185184,0.9861111111111112,0.004498984932486627
T1b,V5,mean,roc_auc,0.997862037037037,0.9961725823045269,0.9990329218106996,0.0007469598689667406
T2,main,42,f1_pos,0.9916666666666667,0.9846582984658299,0.9972222222222222,0.003352835460669602
T2,main,42,accuracy,0.9944444444444445,0.9898148148148148,0.9981481481481481,0.002234724429855616
T2,main,42,roc_auc,0.9998919753086419,0.9997106481481481,0.9999961419753086,7.417885983400687e-05
T2,main,7,f1_pos,0.9930458970792768,0.9861878453038674,0.9986091794158554,0.003071445015852801
T2,main,7,accuracy,0.9953703703703703,0.9907407407407407,0.9990740740740741,0.0020422452183092993
T2,main,7,roc_auc,0.9998726851851851,0.9996601080246914,1.0,9.103311805711325e-05
T2,main,123,f1_pos,0.9972222222222222,0.9930458970792768,1.0,0.0019442143718360347
T2,main,123,accuracy,0.9981481481481481,0.9953703703703703,1.0,0.001296255070464497
T2,main,123,roc_auc,0.9999845679012346,0.9999382716049383,1.0,1.78165026667252e-05
T2,main,mean,f1_pos,0.9939269834215138,0.9906837518775615,0.9967675587897044,0.001654818156171362
T2,main,mean,accuracy,0.995953950617284,0.9938271604938271,0.9978395061728396,0.0011020474480164535
T2,main,mean,roc_auc,0.9999151684670782,0.9998302147633744,0.9999781378600824,3.847866947781229e-05
T2,V5,42,f1_pos,0.9930843706777317,0.9862258953168044,0.9986130374479889,0.0030826122947063845
T2,V5,42,accuracy,0.9953703703703703,0.9907407407407407,0.9990740740740741,0.0020743221164594198
T2,V5,42,roc_auc,0.9999344135802469,0.9997992862654321,1.0,5.082958473474937e-05
T2,V5,7,f1_pos,0.9916897506925207,0.9847856154910097,0.997229916897507,0.0033769244168387518
T2,V5,7,accuracy,0.9944444444444445,0.9898148148148148,0.9981481481481481,0.002265356472663099
T2,V5,7,roc_auc,0.999903549382716,0.9997182677469136,1.0,7.336819499609069e-05
T2,V5,123,f1_pos,0.9930843706777317,0.9862637362637363,0.9986130374479889,0.0030463522873433323
T2,V5,123,accuracy,0.9953703703703703,0.9907407407407407,0.9990740740740741,0.0020495910981303167
T2,V5,123,roc_auc,0.9999537037037036,0.999837962962963,1.0,4.836085281318122e-05
T2,V5,mean,f1_pos,0.9925865371808676,0.9889388116291515,0.9958467910330532,0.0018007525008007284
T2,V5,mean,accuracy,0.995036049382716,0.9925925925925926,0.9972222222222222,0.0012102761792191718
T2,V5,mean,roc_auc,0.9999297685185186,0.999854681069959,0.9999819958847737,3.296047765927773e-05
T3,main,42,f1_pos,0.9833333333333333,0.9750692520775623,0.9898617511520738,0.003875075321714176
T3,main,42,accuracy,0.9833333333333333,0.975,0.9898148148148148,0.003871045623738689
T3,main,42,roc_auc,0.9954423868312757,0.9918273319615911,0.9983336762688614,0.0016425257391981252
T3,main,7,f1_pos,0.9796672828096118,0.9705882352941176,0.987906976744186,0.004322957907755435
T3,main,7,accuracy,0.9796296296296296,0.9703703703703703,0.9879629629629629,0.004339876991835836
T3,main,7,roc_auc,0.998858024691358,0.9979526748971195,0.9995130315500685,0.0003988084081596712
T3,main,123,f1_pos,0.9804651162790697,0.9719087948226068,0.9879740980573543,0.0042393806241179865
T3,main,123,accuracy,0.9805555555555555,0.9722222222222222,0.9879629629629629,0.004198709095371236
T3,main,123,roc_auc,0.9979183813443072,0.9960071159122086,0.9993489368998629,0.0008687022668531371
T3,main,mean,f1_pos,0.9811326132812196,0.9762570050283587,0.9857781650003485,0.002400523429732145
T3,main,mean,accuracy,0.9811511111111111,0.9762345679012346,0.9858024691358024,0.002394566147190743
T3,main,mean,roc_auc,0.9974001703246457,0.996029521033379,0.9985551554641061,0.0006384073295081348
T3,V5,42,f1_pos,0.9824561403508771,0.974169741697417,0.9898242368177613,0.00392573272053656
T3,V5,42,accuracy,0.9824074074074074,0.9740740740740741,0.9898148148148148,0.0039451080494369295
T3,V5,42,roc_auc,0.9970816186556927,0.9942788065843622,0.9991632373113855,0.0012650265273510687
T3,V5,7,f1_pos,0.9843317972350231,0.9762340036563071,0.9916438412746766,0.003775201326481387
T3,V5,7,accuracy,0.9842592592592593,0.975925925925926,0.9916666666666667,0.003812939396847267
T3,V5,7,roc_auc,0.9994444444444445,0.9988717421124829,0.9998251028806585,0.00024490077586289394
T3,V5,123,f1_pos,0.9878844361602982,0.9812382739212008,0.993512811653645,0.0033328185820382357
T3,V5,123,accuracy,0.9879629629629629,0.9814814814814815,0.9935185185185185,0.003287772540051173
T3,V5,123,roc_auc,0.9993278463648834,0.9987311385459534,0.9997770919067215,0.0002690007653087679
T3,V5,mean,f1_pos,0.9849028379591762,0.9806594976240592,0.9889024828287217,0.0021089392519580055
T3,V5,mean,accuracy,0.9848882716049383,0.9805555555555556,0.9888888888888889,0.002112110846968222
T3,V5,mean,roc_auc,0.9986083927754916,0.9976290294924555,0.9993633973479653,0.00043935330347582565
