task,variant,metric,ours,lo,hi,published,source,verdict_fixed,z_two_sample,p_two_sample,verdict_two_sample
T1,main,f1_pos,0.9705849840118986,0.9603862247214431,0.9797213012541796,0.9708,"Gulati et al., best configuration",level,-0.015888397328411075,0.9873234264261799,level
T1,main,f1_pos,0.9705849840118986,0.9603862247214431,0.9797213012541796,0.9639,"Gulati et al., weakest configuration",level,0.45176094872263345,0.6514412051984578,level
T1b,main,accuracy,0.9787501851851852,0.9694444444444444,0.987037037037037,0.9633,"Ayoobi et al., best embedding",higher,1.4239263407953728,0.15446779583478054,level
T1b,main,accuracy,0.9787501851851852,0.9694444444444444,0.987037037037037,0.9417,"Ayoobi et al., weakest embedding",higher,2.824792253962255,0.004731128008686451,higher
T3,main,f1_pos,0.9811326132812196,0.9762570050283587,0.9857781650003485,0.982,"Gulati et al., best retrained",level,-0.1397995693275032,0.8888183535811484,level
T3,V5,f1_pos,0.9849028379591762,0.9806594976240592,0.9889024828287217,0.982,"Gulati et al., best retrained",level,0.4760608910594155,0.6340309981630944,level
T4,V0,macro_f1,0.9615604958368589,0.9455895848368272,0.9762054287389429,0.9608,Mohiuddin and Almogren,level,0.07142197898024212,0.943061917579719,level
T4,V0,accuracy,0.9652777777777778,0.9513888888888888,0.9777777777777777,0.9611,Mohiuddin and Almogren,level,0.419835385394404,0.6746057129947449,level
T4,V0,macro_recall,0.9641984438609166,0.9485505400016055,0.9783277563241584,0.95,Mohiuddin and Almogren,level,1.2747460417454586,0.2023991446881398,level
T4,V5,macro_f1,0.9601475358856748,0.943637405402494,0.9753469496171485,0.9608,Mohiuddin and Almogren,level,-0.05980730872312007,0.9523091044800349,level
T4,V5,accuracy,0.9666666666666667,0.9527777777777777,0.9791666666666666,0.9611,Mohiuddin and Almogren,level,0.5673178256642375,0.5704982682947122,level
T4,V5,macro_recall,0.9608898923668187,0.9439530033756911,0.9759659485758945,0.95,Mohiuddin and Almogren,level,0.9446978455145529,0.3448131572905343,level
